yyyy,mm,tmax,tmin,af,rain,sun
1883.0,1.0,6.3,1.7,6.0,122.1,nan
1883.0,2.0,8.0,2.8,2.0,69.8,nan
1883.0,3.0,4.8,-1.6,23.0,29.6,nan
1883.0,4.0,12.2,3.8,2.0,74.0,nan
1883.0,5.0,14.7,6.2,0.0,31.2,nan
1883.0,6.0,17.7,9.3,0.0,66.2,nan
1883.0,7.0,18.8,10.5,0.0,77.6,nan
1883.0,8.0,19.8,10.9,0.0,32.5,nan
1883.0,9.0,16.8,10.0,0.0,137.4,nan
1883.0,10.0,12.7,6.4,0.0,102.9,nan
1883.0,11.0,8.6,3.5,1.0,83.6,nan
1883.0,12.0,7.3,2.4,4.0,48.6,nan
1884.0,1.0,8.4,3.5,3.0,127.7,nan
1884.0,2.0,8.0,2.1,3.0,49.4,nan
1884.0,3.0,9.5,2.5,4.0,50.4,nan
1884.0,4.0,10.6,3.3,4.0,48.0,nan
1884.0,5.0,15.7,6.4,0.0,33.1,nan
1884.0,6.0,18.2,8.7,0.0,39.7,nan
1884.0,7.0,20.8,11.8,0.0,80.1,nan
1884.0,8.0,22.6,11.8,0.0,36.8,nan
1884.0,9.0,18.4,10.5,0.0,34.0,nan
1884.0,10.0,12.3,6.3,0.0,36.5,nan
1884.0,11.0,9.0,3.4,4.0,30.9,nan
1884.0,12.0,6.6,1.7,7.0,81.6,nan
1885.0,1.0,4.7,0.4,15.0,56.9,nan
1885.0,2.0,8.5,2.4,5.0,76.4,nan
1885.0,3.0,7.8,0.8,10.0,41.6,nan
1885.0,4.0,11.6,3.4,3.0,49.5,nan
1885.0,5.0,12.9,4.4,0.0,58.1,nan
1885.0,6.0,18.6,9.2,0.0,76.4,nan
1885.0,7.0,21.0,11.4,0.0,17.8,nan
1885.0,8.0,17.1,9.4,0.0,59.5,nan
1885.0,9.0,16.4,7.8,0.0,85.3,nan
1885.0,10.0,10.5,4.5,0.0,172.5,nan
1885.0,11.0,8.0,3.3,4.0,62.2,nan
1885.0,12.0,7.0,0.9,11.0,31.9,nan
1886.0,1.0,4.5,-0.7,20.0,121.8,nan
1886.0,2.0,3.9,-1.0,20.0,14.2,nan
1886.0,3.0,6.1,0.2,18.0,84.8,nan
1886.0,4.0,10.9,2.8,2.0,47.5,nan
1886.0,5.0,13.9,5.7,0.0,181.0,nan
1886.0,6.0,17.3,8.5,0.0,26.5,nan
1886.0,7.0,20.8,11.5,0.0,94.2,nan
1886.0,8.0,20.8,11.7,0.0,49.7,nan
1886.0,9.0,17.7,9.8,0.0,30.8,nan
1886.0,10.0,13.8,8.1,0.0,125.1,nan
1886.0,11.0,9.7,3.8,0.0,37.0,nan
1886.0,12.0,4.9,-0.5,12.0,127.7,nan
1887.0,1.0,5.1,-0.6,16.0,61.2,nan
1887.0,2.0,7.5,0.6,12.0,13.6,nan
1887.0,3.0,7.1,0.1,16.0,42.5,nan
1887.0,4.0,11.0,5.1,0.0,26.3,nan
1887.0,5.0,12.3,5.3,0.0,46.6,nan
1887.0,6.0,21.0,10.2,0.0,11.2,nan
1887.0,7.0,23.7,12.6,0.0,25.2,nan
1887.0,8.0,20.7,10.6,0.0,40.7,nan
1887.0,9.0,15.3,8.0,0.0,57.2,nan
1887.0,10.0,10.6,4.4,4.0,58.8,nan
1887.0,11.0,7.6,2.6,7.0,41.0,nan
1887.0,12.0,6.2,0.4,15.0,66.8,nan
1888.0,1.0,6.4,1.0,14.0,22.1,nan
1888.0,2.0,4.0,0.0,21.0,49.5,nan
1888.0,3.0,5.3,-0.1,19.0,98.1,nan
1888.0,4.0,8.9,2.7,8.0,52.6,nan
1888.0,5.0,15.8,6.1,0.0,16.3,nan
1888.0,6.0,16.9,8.4,0.0,61.8,nan
1888.0,7.0,16.2,9.6,0.0,129.3,nan
1888.0,8.0,18.0,10.2,0.0,61.1,nan
1888.0,9.0,16.0,8.8,0.0,22.9,nan
1888.0,10.0,11.8,4.5,3.0,17.4,nan
1888.0,11.0,9.7,4.9,0.0,160.2,nan
1888.0,12.0,7.7,2.7,6.0,52.2,nan
1889.0,1.0,6.1,0.9,9.0,39.0,nan
1889.0,2.0,6.0,0.6,14.0,50.8,nan
1889.0,3.0,7.5,1.4,9.0,107.6,nan
1889.0,4.0,9.9,3.6,0.0,92.0,nan
1889.0,5.0,16.4,8.4,0.0,97.7,nan
1889.0,6.0,20.0,10.5,0.0,6.1,nan
1889.0,7.0,18.7,10.8,0.0,62.8,nan
1889.0,8.0,18.7,11.3,0.0,69.6,nan
1889.0,9.0,16.1,9.5,0.0,46.8,nan
1889.0,10.0,11.2,5.5,0.0,100.1,nan
1889.0,11.0,9.4,4.4,4.0,18.2,nan
1889.0,12.0,6.4,1.4,10.0,39.4,nan
1890.0,1.0,8.6,2.3,3.0,103.7,nan
1890.0,2.0,5.7,1.1,10.0,21.4,nan
1890.0,3.0,9.6,3.0,8.0,62.9,nan
1890.0,4.0,9.9,2.9,2.0,20.8,nan
1890.0,5.0,16.2,6.8,0.0,79.9,nan
1890.0,6.0,17.2,10.0,0.0,48.4,nan
1890.0,7.0,17.7,10.8,0.0,57.4,nan
1890.0,8.0,18.0,10.8,0.0,78.2,nan
1890.0,9.0,19.4,11.0,0.0,37.5,nan
1890.0,10.0,13.5,7.0,1.0,37.1,nan
1890.0,11.0,9.0,2.8,6.0,122.4,nan
1890.0,12.0,1.9,-2.3,25.0,16.8,nan
1891.0,1.0,4.4,-0.8,18.0,59.5,nan
1891.0,2.0,8.8,1.4,9.0,1.8,nan
1891.0,3.0,7.0,1.1,10.0,53.6,nan
1891.0,4.0,8.5,1.9,3.0,53.0,nan
1891.0,5.0,13.1,5.3,1.0,86.8,nan
1891.0,6.0,18.0,9.7,0.0,89.2,nan
1891.0,7.0,18.9,11.0,0.0,57.6,nan
1891.0,8.0,17.5,10.9,0.0,83.5,nan
1891.0,9.0,18.3,10.4,0.0,58.5,nan
1891.0,10.0,12.8,6.1,0.0,102.6,nan
1891.0,11.0,8.1,3.1,6.0,71.3,nan
1891.0,12.0,7.1,1.0,9.0,161.4,nan
1892.0,1.0,4.3,0.1,15.0,63.1,nan
1892.0,2.0,5.4,0.4,12.0,89.8,nan
1892.0,3.0,5.7,-0.7,20.0,33.7,nan
1892.0,4.0,12.0,2.4,7.0,24.0,nan
1892.0,5.0,15.2,6.8,0.0,102.4,nan
1892.0,6.0,17.1,8.8,0.0,104.0,nan
1892.0,7.0,16.8,9.8,0.0,80.2,nan
1892.0,8.0,19.1,11.1,0.0,69.1,nan
1892.0,9.0,15.8,8.7,0.0,88.6,nan
1892.0,10.0,10.3,4.1,2.0,143.7,nan
1892.0,11.0,9.0,3.9,4.0,44.2,nan
1892.0,12.0,4.8,-0.3,16.0,22.8,nan
1893.0,1.0,4.6,0.4,14.0,47.2,nan
1893.0,2.0,7.0,1.6,7.0,112.0,nan
1893.0,3.0,12.6,3.4,5.0,19.8,nan
1893.0,4.0,15.1,3.8,0.0,19.5,nan
1893.0,5.0,16.9,7.4,0.0,73.7,nan
1893.0,6.0,19.3,10.0,0.0,34.0,nan
1893.0,7.0,19.9,11.5,0.0,77.3,nan
1893.0,8.0,21.9,12.7,0.0,40.7,nan
1893.0,9.0,16.7,8.8,0.0,31.2,nan
1893.0,10.0,13.8,6.5,1.0,45.9,nan
1893.0,11.0,8.1,2.0,7.0,49.1,nan
1893.0,12.0,7.8,1.8,7.0,104.5,nan
1894.0,1.0,5.6,0.6,11.0,77.1,nan
1894.0,2.0,8.4,1.5,9.0,132.1,nan
1894.0,3.0,10.9,1.8,5.0,48.4,nan
1894.0,4.0,13.1,5.1,0.0,70.0,nan
1894.0,5.0,12.2,4.8,1.0,49.1,nan
1894.0,6.0,17.4,9.4,0.0,60.6,nan
1894.0,7.0,20.3,11.2,0.0,83.0,nan
1894.0,8.0,17.3,10.6,0.0,54.5,nan
1894.0,9.0,14.4,8.5,0.0,26.1,nan
1894.0,10.0,11.7,6.0,2.0,128.2,nan
1894.0,11.0,10.5,5.7,0.0,37.6,nan
1894.0,12.0,7.8,2.8,5.0,64.8,nan
1895.0,1.0,2.0,-2.5,23.0,115.5,nan
1895.0,2.0,1.6,-4.2,24.0,5.8,nan
1895.0,3.0,8.6,2.1,7.0,56.6,nan
1895.0,4.0,12.2,4.2,5.0,49.6,nan
1895.0,5.0,16.9,7.0,0.0,28.8,nan
1895.0,6.0,19.2,9.6,0.0,57.1,nan
1895.0,7.0,19.0,11.4,0.0,112.4,nan
1895.0,8.0,20.0,12.0,0.0,55.5,nan
1895.0,9.0,21.0,10.7,0.0,19.9,nan
1895.0,10.0,10.8,3.9,6.0,87.3,nan
1895.0,11.0,10.0,4.7,1.0,114.5,nan
1895.0,12.0,5.8,1.5,10.0,95.1,nan
1896.0,1.0,7.4,3.0,5.0,29.7,nan
1896.0,2.0,7.5,2.0,8.0,28.8,nan
1896.0,3.0,9.8,3.1,1.0,89.5,nan
1896.0,4.0,12.6,5.3,0.0,46.0,nan
1896.0,5.0,16.4,6.6,0.0,10.4,nan
1896.0,6.0,20.4,11.2,0.0,79.1,nan
1896.0,7.0,20.6,11.7,0.0,23.6,nan
1896.0,8.0,17.3,10.6,0.0,43.6,nan
1896.0,9.0,15.8,9.6,0.0,126.8,nan
1896.0,10.0,9.8,4.0,0.0,76.9,nan
1896.0,11.0,7.4,2.5,4.0,28.8,nan
1896.0,12.0,6.2,1.9,9.0,98.6,nan
1897.0,1.0,3.2,-0.8,17.0,65.8,nan
1897.0,2.0,7.5,3.1,9.0,96.5,nan
1897.0,3.0,9.5,3.3,2.0,92.7,nan
1897.0,4.0,10.0,2.9,5.0,51.4,nan
1897.0,5.0,14.3,5.1,0.0,26.3,nan
1897.0,6.0,19.1,10.2,0.0,90.9,nan
1897.0,7.0,20.3,11.3,0.0,14.0,nan
1897.0,8.0,20.7,11.5,0.0,55.7,nan
1897.0,9.0,15.6,8.5,0.0,60.1,nan
1897.0,10.0,13.0,6.5,0.0,26.1,nan
1897.0,11.0,9.9,5.2,0.0,82.5,nan
1897.0,12.0,7.9,2.3,4.0,81.8,nan
1898.0,1.0,9.3,4.5,1.0,28.4,nan
1898.0,2.0,7.5,1.8,8.0,58.5,nan
1898.0,3.0,7.4,1.0,10.0,40.8,nan
1898.0,4.0,11.9,4.2,1.0,82.9,nan
1898.0,5.0,13.0,5.9,0.0,66.9,nan
1898.0,6.0,17.6,9.2,0.0,32.3,nan
1898.0,7.0,19.4,10.9,0.0,41.7,nan
1898.0,8.0,20.5,11.9,0.0,86.2,nan
1898.0,9.0,19.7,10.9,0.0,13.8,nan
1898.0,10.0,14.2,8.6,0.0,84.0,nan
1898.0,11.0,9.6,4.8,2.0,71.9,nan
1898.0,12.0,9.6,4.5,3.0,81.7,nan
1899.0,1.0,7.3,2.2,7.0,112.3,nan
1899.0,2.0,8.1,1.8,11.0,51.2,nan
1899.0,3.0,9.3,1.6,11.0,31.9,nan
1899.0,4.0,11.0,4.4,1.0,60.1,nan
1899.0,5.0,13.4,5.1,0.0,63.7,nan
1899.0,6.0,20.1,10.2,0.0,63.8,nan
1899.0,7.0,21.2,13.0,0.0,51.4,nan
1899.0,8.0,22.0,12.4,0.0,23.0,nan
1899.0,9.0,16.6,9.6,0.0,97.7,nan
1899.0,10.0,13.5,5.9,1.0,73.3,nan
1899.0,11.0,11.2,6.2,2.0,50.7,nan
1899.0,12.0,4.5,-0.1,15.0,73.0,nan
1900.0,1.0,6.2,2.1,1.0,101.0,nan
1900.0,2.0,5.0,-0.2,14.0,113.0,nan
1900.0,3.0,6.0,0.7,10.0,20.4,nan
1900.0,4.0,12.7,3.9,4.0,36.0,nan
1900.0,5.0,13.6,6.0,0.0,43.7,nan
1900.0,6.0,18.9,10.5,0.0,78.2,nan
1900.0,7.0,22.5,13.3,0.0,71.5,nan
1900.0,8.0,18.7,11.3,0.0,109.5,nan
1900.0,9.0,17.7,9.6,0.0,12.9,nan
1900.0,10.0,13.0,6.5,0.0,66.6,nan
1900.0,11.0,9.1,5.1,0.0,67.7,nan
1900.0,12.0,9.4,4.8,0.0,116.7,nan
1901.0,1.0,5.5,0.7,12.0,64.6,nan
1901.0,2.0,4.7,0.4,14.0,29.2,nan
1901.0,3.0,7.0,1.0,11.0,60.4,nan
1901.0,4.0,13.1,3.9,1.0,43.8,nan
1901.0,5.0,15.9,6.3,0.0,23.9,nan
1901.0,6.0,18.3,9.2,0.0,27.5,nan
1901.0,7.0,22.6,13.5,0.0,82.1,nan
1901.0,8.0,20.6,11.9,0.0,30.7,nan
1901.0,9.0,17.3,10.0,0.0,22.0,nan
1901.0,10.0,12.7,5.9,1.0,50.2,nan
1901.0,11.0,8.2,2.9,10.0,112.0,nan
1901.0,12.0,5.5,1.2,11.0,164.2,nan
1902.0,1.0,7.3,2.5,11.0,37.6,nan
1902.0,2.0,3.7,-0.8,17.0,44.5,nan
1902.0,3.0,10.5,3.6,1.0,38.4,nan
1902.0,4.0,11.2,3.1,1.0,74.4,nan
1902.0,5.0,11.9,5.1,0.0,75.0,nan
1902.0,6.0,17.8,9.3,0.0,43.4,nan
1902.0,7.0,18.4,10.4,0.0,51.4,nan
1902.0,8.0,17.2,9.9,0.0,120.4,nan
1902.0,9.0,16.5,9.2,0.0,50.9,nan
1902.0,10.0,12.1,6.9,0.0,81.4,nan
1902.0,11.0,9.1,4.6,2.0,63.6,nan
1902.0,12.0,7.0,2.7,8.0,68.2,nan
1903.0,1.0,6.3,1.8,8.0,90.3,nan
1903.0,2.0,9.6,4.1,1.0,66.4,nan
1903.0,3.0,10.4,3.4,0.0,97.2,nan
1903.0,4.0,10.0,2.7,7.0,48.4,nan
1903.0,5.0,14.0,6.5,0.0,97.4,nan
1903.0,6.0,17.0,8.7,0.0,30.1,nan
1903.0,7.0,19.2,11.5,0.0,58.9,nan
1903.0,8.0,17.6,10.7,0.0,107.8,nan
1903.0,9.0,16.6,9.1,0.0,100.5,nan
1903.0,10.0,12.8,7.3,0.0,182.6,nan
1903.0,11.0,9.3,4.1,2.0,42.8,nan
1903.0,12.0,5.2,1.2,8.0,44.7,nan
1904.0,1.0,6.6,1.7,7.0,80.6,nan
1904.0,2.0,4.9,0.8,7.0,131.7,nan
1904.0,3.0,7.3,1.3,7.0,52.1,nan
1904.0,4.0,12.1,5.2,0.0,60.4,nan
1904.0,5.0,14.5,6.8,0.0,63.1,nan
1904.0,6.0,17.3,9.1,0.0,17.3,nan
1904.0,7.0,21.3,12.3,0.0,50.5,nan
1904.0,8.0,19.2,11.1,0.0,96.1,nan
1904.0,9.0,16.9,8.7,0.0,28.1,nan
1904.0,10.0,13.4,6.8,0.0,17.3,nan
1904.0,11.0,8.7,3.7,6.0,57.2,nan
1904.0,12.0,6.5,1.6,11.0,46.8,nan
1905.0,1.0,6.5,1.6,13.0,35.9,nan
1905.0,2.0,7.5,2.5,4.0,32.4,nan
1905.0,3.0,10.4,3.5,0.0,72.0,nan
1905.0,4.0,10.1,3.8,3.0,59.5,nan
1905.0,5.0,14.9,6.5,0.0,10.5,nan
1905.0,6.0,19.0,10.0,0.0,77.5,nan
1905.0,7.0,21.8,13.3,0.0,40.6,nan
1905.0,8.0,18.5,11.0,0.0,103.0,nan
1905.0,9.0,15.7,9.3,0.0,28.9,nan
1905.0,10.0,10.4,4.5,0.0,44.7,nan
1905.0,11.0,7.5,2.9,3.0,99.1,nan
1905.0,12.0,7.5,3.0,3.0,14.9,nan
1906.0,1.0,7.2,2.9,4.0,97.8,nan
1906.0,2.0,5.6,0.4,14.0,76.4,nan
1906.0,3.0,8.6,1.5,13.0,59.5,nan
1906.0,4.0,12.0,2.2,4.0,16.0,nan
1906.0,5.0,13.9,6.9,0.0,48.9,nan
1906.0,6.0,18.6,9.9,0.0,44.9,nan
1906.0,7.0,20.4,11.6,0.0,36.9,nan
1906.0,8.0,21.3,12.8,0.0,44.1,nan
1906.0,9.0,18.7,10.0,0.0,17.9,nan
1906.0,10.0,13.8,7.8,0.0,141.4,nan
1906.0,11.0,10.2,5.0,1.0,86.4,nan
1906.0,12.0,5.9,0.8,12.0,77.4,nan
1907.0,1.0,6.4,1.3,10.0,35.2,nan
1907.0,2.0,6.0,0.4,13.0,57.6,nan
1907.0,3.0,11.1,2.8,5.0,65.5,nan
1907.0,4.0,11.0,3.8,2.0,56.7,nan
1907.0,5.0,13.7,6.5,0.0,97.3,nan
1907.0,6.0,15.9,9.0,0.0,92.2,nan
1907.0,7.0,17.1,10.0,0.0,53.2,nan
1907.0,8.0,18.2,10.6,0.0,55.9,nan
1907.0,9.0,18.3,9.3,0.0,11.6,nan
1907.0,10.0,13.0,6.7,0.0,136.8,nan
1907.0,11.0,9.5,4.5,3.0,84.4,nan
1907.0,12.0,6.6,2.2,7.0,57.0,nan
1908.0,1.0,5.8,0.5,16.0,46.3,nan
1908.0,2.0,7.9,2.8,3.0,58.7,nan
1908.0,3.0,6.9,1.0,13.0,80.2,nan
1908.0,4.0,9.0,2.3,5.0,60.2,nan
1908.0,5.0,16.8,8.3,0.0,59.4,nan
1908.0,6.0,18.2,9.4,0.0,39.6,nan
1908.0,7.0,19.5,11.6,0.0,64.8,nan
1908.0,8.0,18.1,10.6,0.0,78.4,nan
1908.0,9.0,16.7,9.4,0.0,39.4,nan
1908.0,10.0,15.3,9.0,0.0,28.9,nan
1908.0,11.0,10.2,4.6,3.0,38.1,nan
1908.0,12.0,6.1,1.5,7.0,51.6,nan
1909.0,1.0,6.2,1.2,9.0,51.8,nan
1909.0,2.0,5.9,0.5,17.0,16.7,nan
1909.0,3.0,6.4,0.7,16.0,108.0,nan
1909.0,4.0,13.9,4.1,2.0,43.2,nan
1909.0,5.0,15.6,5.8,0.0,50.4,nan
1909.0,6.0,15.1,8.2,0.0,79.4,nan
1909.0,7.0,18.1,11.2,0.0,84.4,nan
1909.0,8.0,20.3,11.5,0.0,55.1,nan
1909.0,9.0,14.7,9.0,0.0,57.3,nan
1909.0,10.0,13.7,6.9,1.0,72.6,nan
1909.0,11.0,8.1,3.2,4.0,17.7,nan
1909.0,12.0,6.1,1.6,8.0,167.5,nan
1910.0,1.0,6.0,1.0,11.0,75.0,nan
1910.0,2.0,7.5,2.1,3.0,89.5,nan
1910.0,3.0,10.0,2.9,2.0,22.7,nan
1910.0,4.0,10.8,3.2,2.0,61.4,nan
1910.0,5.0,14.8,6.9,0.0,60.8,nan
1910.0,6.0,18.8,10.4,0.0,66.1,nan
1910.0,7.0,17.7,10.3,0.0,45.9,nan
1910.0,8.0,18.7,11.6,0.0,87.9,nan
1910.0,9.0,15.6,9.5,0.0,7.6,nan
1910.0,10.0,13.3,8.2,0.0,58.8,nan
1910.0,11.0,5.9,0.9,8.0,102.2,nan
1910.0,12.0,8.2,4.0,2.0,109.5,nan
1911.0,1.0,6.2,1.7,7.0,31.8,nan
1911.0,2.0,7.6,2.5,2.0,74.3,nan
1911.0,3.0,7.0,2.2,1.0,30.9,nan
1911.0,4.0,10.7,4.1,4.0,35.3,nan
1911.0,5.0,17.3,8.5,0.0,25.1,nan
1911.0,6.0,18.8,9.6,0.0,53.5,nan
1911.0,7.0,23.4,12.4,0.0,3.8,nan
1911.0,8.0,23.0,13.4,0.0,43.8,nan
1911.0,9.0,18.6,9.4,0.0,54.1,nan
1911.0,10.0,11.8,6.5,1.0,55.7,nan
1911.0,11.0,8.5,3.7,1.0,101.3,nan
1911.0,12.0,8.1,3.8,0.0,137.2,nan
1912.0,1.0,5.4,1.2,9.0,128.3,nan
1912.0,2.0,7.3,2.5,6.0,40.7,nan
1912.0,3.0,9.7,4.2,1.0,87.4,nan
1912.0,4.0,12.9,4.3,1.0,12.9,nan
1912.0,5.0,15.3,7.8,0.0,93.0,nan
1912.0,6.0,17.5,10.0,0.0,98.5,nan
1912.0,7.0,18.8,11.9,0.0,131.0,nan
1912.0,8.0,16.0,9.6,0.0,144.5,nan
1912.0,9.0,14.3,8.0,0.0,30.0,nan
1912.0,10.0,12.5,5.2,0.0,72.3,nan
1912.0,11.0,8.8,4.5,3.0,58.0,nan
1912.0,12.0,9.3,4.1,1.0,100.5,nan
1913.0,1.0,6.0,1.5,9.0,95.5,nan
1913.0,2.0,8.3,2.2,4.0,30.4,nan
1913.0,3.0,8.8,2.6,1.0,110.8,nan
1913.0,4.0,11.3,4.0,2.0,77.7,nan
1913.0,5.0,15.5,7.3,0.0,55.3,nan
1913.0,6.0,18.2,9.8,0.0,20.8,nan
1913.0,7.0,17.7,10.8,0.0,39.7,nan
1913.0,8.0,19.1,11.1,0.0,31.2,nan
1913.0,9.0,17.4,10.5,0.0,76.1,nan
1913.0,10.0,13.6,8.2,0.0,105.2,nan
1913.0,11.0,11.1,5.7,1.0,82.0,nan
1913.0,12.0,7.3,3.4,5.0,49.3,nan
1914.0,1.0,6.1,2.0,10.0,41.0,nan
1914.0,2.0,9.5,4.2,0.0,50.2,nan
1914.0,3.0,9.1,3.1,1.0,66.3,nan
1914.0,4.0,14.8,5.2,0.0,33.7,nan
1914.0,5.0,14.6,6.6,1.0,37.6,nan
1914.0,6.0,19.1,10.0,0.0,55.5,nan
1914.0,7.0,20.2,12.3,0.0,63.5,nan
1914.0,8.0,20.7,12.0,0.0,32.5,nan
1914.0,9.0,17.6,9.1,0.0,40.7,nan
1914.0,10.0,13.1,7.9,0.0,57.5,nan
1914.0,11.0,9.2,4.4,0.0,101.4,nan
1914.0,12.0,6.6,2.4,2.0,154.6,nan
1915.0,1.0,6.2,2.1,1.0,90.9,nan
1915.0,2.0,6.6,1.3,8.0,106.4,nan
1915.0,3.0,8.7,2.0,10.0,27.0,nan
1915.0,4.0,11.5,4.0,0.0,31.2,nan
1915.0,5.0,15.0,5.8,0.0,37.7,nan
1915.0,6.0,19.0,9.5,0.0,39.6,nan
1915.0,7.0,18.3,11.2,0.0,108.2,nan
1915.0,8.0,19.3,11.6,0.0,56.5,nan
1915.0,9.0,17.5,9.5,0.0,16.7,nan
1915.0,10.0,11.8,6.5,0.0,41.4,nan
1915.0,11.0,6.1,1.5,6.0,81.4,nan
1915.0,12.0,7.2,2.8,1.0,198.0,nan
1916.0,1.0,10.4,5.0,0.0,44.5,nan
1916.0,2.0,5.9,1.0,5.0,136.3,nan
1916.0,3.0,5.0,0.4,14.0,126.3,nan
1916.0,4.0,12.4,4.4,0.0,35.4,nan
1916.0,5.0,15.5,7.4,0.0,67.3,nan
1916.0,6.0,15.1,8.0,0.0,56.0,nan
1916.0,7.0,18.9,11.6,0.0,30.6,nan
1916.0,8.0,20.8,12.6,0.0,37.0,nan
1916.0,9.0,16.2,9.4,0.0,38.2,nan
1916.0,10.0,13.6,7.5,0.0,90.7,nan
1916.0,11.0,9.5,4.5,1.0,100.1,nan
1916.0,12.0,4.9,0.5,9.0,78.3,nan
1917.0,1.0,3.1,0.3,16.0,54.2,nan
1917.0,2.0,4.0,-0.8,15.0,16.2,nan
1917.0,3.0,5.9,-0.1,15.0,64.0,nan
1917.0,4.0,8.7,1.4,11.0,45.9,nan
1917.0,5.0,17.2,7.7,1.0,43.0,nan
1917.0,6.0,19.4,10.3,0.0,65.1,nan
1917.0,7.0,20.4,11.7,0.0,26.2,nan
1917.0,8.0,19.0,12.2,0.0,128.6,nan
1917.0,9.0,18.1,10.8,0.0,21.6,nan
1917.0,10.0,11.2,4.4,0.0,101.9,nan
1917.0,11.0,10.9,6.2,1.0,54.6,nan
1917.0,12.0,5.2,0.7,10.0,38.3,nan
1918.0,1.0,6.4,1.3,10.0,66.8,nan
1918.0,2.0,8.9,3.7,4.0,73.1,nan
1918.0,3.0,9.1,2.4,6.0,36.7,nan
1918.0,4.0,10.0,3.4,1.0,34.8,nan
1918.0,5.0,17.9,8.3,0.0,69.0,nan
1918.0,6.0,17.3,9.0,0.0,14.8,nan
1918.0,7.0,nan,nan,nan,103.7,nan
1918.0,8.0,nan,nan,nan,44.7,nan
1918.0,9.0,nan,nan,nan,178.5,nan
1918.0,10.0,nan,nan,nan,50.2,nan
1918.0,11.0,nan,nan,nan,39.6,nan
1918.0,12.0,nan,nan,nan,116.4,nan
1919.0,1.0,nan,nan,nan,112.3,nan
1919.0,2.0,nan,nan,nan,56.6,nan
1919.0,3.0,nan,nan,nan,114.8,nan
1919.0,4.0,nan,nan,nan,43.6,nan
1919.0,5.0,nan,nan,nan,41.1,nan
1919.0,6.0,nan,nan,nan,13.2,nan
1919.0,7.0,nan,nan,nan,116.4,nan
1919.0,8.0,nan,nan,nan,76.4,nan
1919.0,9.0,nan,nan,nan,63.1,nan
1919.0,10.0,nan,nan,nan,78.1,nan
1919.0,11.0,nan,nan,nan,57.5,nan
1919.0,12.0,nan,nan,nan,136.6,nan
1920.0,1.0,7.9,2.2,4.0,104.9,nan
1920.0,2.0,8.8,3.0,1.0,81.0,nan
1920.0,3.0,10.7,3.7,3.0,56.8,nan
1920.0,4.0,10.4,4.8,0.0,122.6,nan
1920.0,5.0,15.7,7.5,0.0,79.1,nan
1920.0,6.0,18.4,9.6,0.0,88.1,nan
1920.0,7.0,17.5,10.8,0.0,110.8,nan
1920.0,8.0,17.1,10.3,0.0,22.6,nan
1920.0,9.0,16.6,9.4,0.0,28.6,nan
1920.0,10.0,13.4,7.5,0.0,50.5,nan
1920.0,11.0,9.5,4.9,1.0,29.2,nan
1920.0,12.0,6.6,2.5,5.0,82.7,nan
1921.0,1.0,9.5,4.5,2.0,85.3,nan
1921.0,2.0,7.1,2.7,2.0,8.6,nan
1921.0,3.0,10.6,4.1,1.0,48.6,nan
1921.0,4.0,12.4,4.2,2.0,23.4,nan
1921.0,5.0,16.1,6.7,0.0,31.8,nan
1921.0,6.0,19.3,9.6,0.0,8.4,nan
1921.0,7.0,23.8,12.7,0.0,11.5,nan
1921.0,8.0,19.2,11.7,0.0,121.5,nan
1921.0,9.0,18.5,10.3,0.0,28.4,nan
1921.0,10.0,16.7,9.6,0.0,56.3,nan
1921.0,11.0,7.2,2.4,6.0,48.8,nan
1921.0,12.0,9.2,4.1,2.0,105.7,nan
1922.0,1.0,5.3,0.9,9.0,111.5,nan
1922.0,2.0,6.8,0.9,11.0,81.1,nan
1922.0,3.0,6.7,1.6,4.0,50.9,nan
1922.0,4.0,8.9,1.7,3.0,96.6,nan
1922.0,5.0,17.9,8.3,0.0,20.7,nan
1922.0,6.0,18.2,9.1,0.0,32.1,nan
1922.0,7.0,17.2,9.9,0.0,83.3,nan
1922.0,8.0,16.8,10.2,0.0,197.7,nan
1922.0,9.0,15.3,8.9,0.0,72.6,nan
1922.0,10.0,11.4,5.5,0.0,26.0,nan
1922.0,11.0,9.1,3.7,1.0,37.3,nan
1922.0,12.0,7.8,3.5,1.0,94.4,nan
1923.0,1.0,8.5,4.1,0.0,36.2,nan
1923.0,2.0,7.0,2.3,4.0,153.0,nan
1923.0,3.0,9.5,3.3,1.0,46.8,nan
1923.0,4.0,10.5,3.8,0.0,59.2,nan
1923.0,5.0,12.5,5.4,0.0,80.8,nan
1923.0,6.0,15.3,8.9,0.0,19.6,nan
1923.0,7.0,nan,nan,nan,119.6,nan
1923.0,8.0,nan,nan,nan,73.3,nan
1923.0,9.0,nan,nan,nan,59.1,nan
1923.0,10.0,nan,nan,nan,51.8,nan
1923.0,11.0,nan,nan,nan,115.4,nan
1923.0,12.0,nan,nan,nan,69.1,nan
1924.0,1.0,6.6,2.3,8.0,54.2,nan
1924.0,2.0,5.6,1.2,11.0,31.3,nan
1924.0,3.0,7.5,-0.3,18.0,21.8,nan
1924.0,4.0,10.8,2.9,3.0,49.1,nan
1924.0,5.0,15.2,7.6,0.0,93.8,nan
1924.0,6.0,17.9,10.1,0.0,40.4,nan
1924.0,7.0,19.2,11.5,0.0,65.6,nan
1924.0,8.0,17.5,10.7,0.0,63.2,nan
1924.0,9.0,16.2,10.3,0.0,89.3,nan
1924.0,10.0,12.9,7.2,0.0,102.3,nan
1924.0,11.0,9.4,5.1,0.0,55.6,nan
1924.0,12.0,9.0,5.1,0.0,73.5,nan
1925.0,1.0,7.5,2.7,1.0,84.8,nan
1925.0,2.0,7.6,1.9,3.0,98.2,nan
1925.0,3.0,7.6,2.4,7.0,24.3,nan
1925.0,4.0,11.1,3.6,1.0,75.0,nan
1925.0,5.0,15.8,7.7,0.0,94.6,nan
1925.0,6.0,19.3,10.2,0.0,2.2,nan
1925.0,7.0,21.8,12.6,0.0,23.2,nan
1925.0,8.0,19.5,12.1,0.0,79.4,nan
1925.0,9.0,14.9,8.2,0.0,60.8,nan
1925.0,10.0,13.7,7.2,0.0,91.2,nan
1925.0,11.0,6.5,1.6,12.0,62.0,nan
1925.0,12.0,5.3,0.8,14.0,78.2,nan
1926.0,1.0,6.8,2.2,9.0,83.8,nan
1926.0,2.0,9.0,4.0,4.0,55.6,nan
1926.0,3.0,9.1,3.2,3.0,35.2,nan
1926.0,4.0,13.2,5.7,0.0,45.1,nan
1926.0,5.0,13.5,6.0,0.0,74.1,nan
1926.0,6.0,17.6,9.6,0.0,77.5,nan
1926.0,7.0,20.9,13.0,0.0,62.1,nan
1926.0,8.0,20.6,11.9,0.0,70.2,nan
1926.0,9.0,17.8,10.4,0.0,34.1,nan
1926.0,10.0,11.2,5.0,3.0,78.0,nan
1926.0,11.0,8.6,3.3,1.0,95.0,nan
1926.0,12.0,6.7,2.4,4.0,30.7,nan
1927.0,1.0,7.2,2.7,4.0,47.9,nan
1927.0,2.0,7.4,1.8,8.0,38.2,nan
1927.0,3.0,10.3,3.9,0.0,74.6,nan
1927.0,4.0,11.7,4.5,0.0,56.7,nan
1927.0,5.0,14.4,6.3,0.0,33.8,nan
1927.0,6.0,15.8,8.3,0.0,105.4,nan
1927.0,7.0,19.0,11.9,0.0,67.5,nan
1927.0,8.0,19.4,12.1,0.0,127.5,nan
1927.0,9.0,15.5,9.6,0.0,99.8,nan
1927.0,10.0,13.4,7.2,0.0,64.5,nan
1927.0,11.0,8.5,3.7,2.0,84.2,nan
1927.0,12.0,3.0,0.0,11.0,66.7,nan
1928.0,1.0,8.0,2.5,1.0,167.7,nan
1928.0,2.0,8.9,2.8,1.0,104.9,nan
1928.0,3.0,8.7,2.9,4.0,72.2,nan
1928.0,4.0,11.8,4.0,2.0,31.9,nan
1928.0,5.0,13.8,6.3,0.0,31.9,nan
1928.0,6.0,16.6,8.6,0.0,77.2,nan
1928.0,7.0,20.3,12.2,0.0,17.7,nan
1928.0,8.0,19.5,11.4,0.0,64.3,nan
1928.0,9.0,17.0,8.8,0.0,6.0,nan
1928.0,10.0,12.9,7.1,0.0,122.0,nan
1928.0,11.0,10.4,5.3,1.0,118.1,nan
1928.0,12.0,6.0,1.4,9.0,57.2,nan
1929.0,1.0,3.8,0.3,12.0,40.5,23.7
1929.0,2.0,2.6,-2.5,17.0,17.1,16.9
1929.0,3.0,12.1,2.4,6.0,3.3,nan
1929.0,4.0,10.1,2.9,3.0,25.9,108.0
1929.0,5.0,15.9,6.7,0.0,52.1,188.3
1929.0,6.0,17.3,9.3,0.0,38.0,192.0
1929.0,7.0,20.9,11.9,0.0,25.3,193.8
1929.0,8.0,19.1,11.2,0.0,47.7,154.2
1929.0,9.0,20.1,10.9,0.0,37.3,178.9
1929.0,10.0,12.7,6.4,0.0,85.9,106.8
1929.0,11.0,9.4,3.9,4.0,153.2,57.5
1929.0,12.0,7.8,3.1,2.0,186.2,56.0
1930.0,1.0,8.1,2.4,6.0,120.5,54.2
1930.0,2.0,4.4,0.6,12.0,22.2,29.1
1930.0,3.0,8.1,2.1,9.0,76.2,88.2
1930.0,4.0,11.0,4.8,0.0,64.5,75.1
1930.0,5.0,14.1,6.6,0.0,38.3,119.9
1930.0,6.0,19.7,10.5,0.0,27.1,187.7
1930.0,7.0,18.6,11.4,0.0,149.4,162.1
1930.0,8.0,19.9,11.9,0.0,62.3,179.2
1930.0,9.0,16.7,10.5,0.0,127.9,111.5
1930.0,10.0,13.4,7.6,0.0,79.1,123.7
1930.0,11.0,9.3,3.5,4.0,83.4,67.9
1930.0,12.0,6.5,1.8,7.0,68.3,16.5
1931.0,1.0,6.1,1.2,7.0,61.0,48.0
1931.0,2.0,5.8,1.6,5.0,83.4,44.8
1931.0,3.0,7.3,-0.3,17.0,5.4,114.1
1931.0,4.0,10.8,4.7,1.0,83.8,101.2
1931.0,5.0,15.3,7.2,0.0,78.3,147.9
1931.0,6.0,17.8,10.5,0.0,111.8,133.9
1931.0,7.0,19.2,12.3,0.0,104.1,128.6
1931.0,8.0,17.8,10.5,0.0,145.2,145.7
1931.0,9.0,15.0,9.1,0.0,94.3,80.4
1931.0,10.0,12.8,5.5,5.0,20.0,122.8
1931.0,11.0,10.1,5.1,0.0,104.7,31.8
1931.0,12.0,8.1,3.2,9.0,35.9,39.1
1932.0,1.0,9.2,3.3,8.0,68.6,49.8
1932.0,2.0,6.3,1.6,8.0,10.1,26.8
1932.0,3.0,8.0,2.0,8.0,41.1,45.3
1932.0,4.0,9.8,3.2,1.0,82.2,117.6
1932.0,5.0,13.0,6.8,1.0,170.7,86.4
1932.0,6.0,18.0,9.4,0.0,17.2,158.7
1932.0,7.0,19.6,12.7,0.0,122.1,135.9
1932.0,8.0,21.0,13.5,0.0,61.0,151.2
1932.0,9.0,17.0,9.4,0.0,46.3,143.2
1932.0,10.0,11.8,5.9,0.0,101.1,85.7
1932.0,11.0,8.8,4.5,0.0,59.0,26.1
1932.0,12.0,7.8,3.8,3.0,30.0,33.5
1933.0,1.0,5.2,0.2,13.0,53.1,34.2
1933.0,2.0,6.7,1.7,8.0,113.2,73.3
1933.0,3.0,11.5,3.0,2.0,64.2,126.8
1933.0,4.0,13.0,5.5,1.0,33.8,112.1
1933.0,5.0,15.7,8.3,0.0,48.0,121.2
1933.0,6.0,20.4,10.8,0.0,26.7,211.0
1933.0,7.0,23.0,13.6,0.0,53.0,207.8
1933.0,8.0,22.7,13.4,0.0,11.5,218.7
1933.0,9.0,19.7,11.1,0.0,41.1,141.7
1933.0,10.0,12.9,7.7,0.0,128.0,70.0
1933.0,11.0,8.3,4.5,0.0,46.4,40.7
1933.0,12.0,4.6,0.7,9.0,14.8,10.9
1934.0,1.0,7.5,1.8,7.0,68.7,47.4
1934.0,2.0,7.7,2.0,6.0,7.5,76.4
1934.0,3.0,7.9,1.8,2.0,77.0,75.3
1934.0,4.0,11.3,4.1,2.0,65.3,109.5
1934.0,5.0,16.0,7.4,0.0,33.1,169.1
1934.0,6.0,19.3,10.2,0.0,23.3,161.0
1934.0,7.0,23.8,13.4,0.0,39.6,225.8
1934.0,8.0,19.6,11.2,0.0,27.5,159.5
1934.0,9.0,19.1,10.2,0.0,45.1,142.4
1934.0,10.0,13.1,7.7,0.0,66.1,84.0
1934.0,11.0,8.6,4.7,2.0,50.0,31.8
1934.0,12.0,9.5,6.0,0.0,123.6,14.3
1935.0,1.0,6.9,3.0,3.0,38.0,46.0
1935.0,2.0,8.0,3.2,2.0,101.5,43.1
1935.0,3.0,9.6,3.6,4.0,39.0,96.9
1935.0,4.0,11.5,4.2,0.0,63.3,128.6
1935.0,5.0,14.0,5.3,0.0,9.7,185.2
1935.0,6.0,19.7,10.8,0.0,77.2,189.9
1935.0,7.0,22.2,12.7,0.0,17.0,238.8
1935.0,8.0,22.4,12.4,0.0,50.7,192.1
1935.0,9.0,17.4,9.5,0.0,104.2,140.3
1935.0,10.0,12.5,6.0,1.0,128.6,73.7
1935.0,11.0,9.1,4.2,0.0,147.6,51.1
1935.0,12.0,5.1,0.9,11.0,94.5,32.5
1936.0,1.0,5.5,1.3,10.0,81.9,32.9
1936.0,2.0,4.2,-0.8,17.0,69.5,38.1
1936.0,3.0,9.4,3.5,2.0,52.7,41.9
1936.0,4.0,9.7,3.0,2.0,39.9,146.5
1936.0,5.0,14.6,6.9,0.0,34.5,137.0
1936.0,6.0,18.8,10.2,0.0,87.2,151.6
1936.0,7.0,18.9,12.0,0.0,93.0,146.3
1936.0,8.0,20.3,12.5,0.0,32.6,165.6
1936.0,9.0,17.5,11.7,0.0,64.5,75.0
1936.0,10.0,12.9,6.9,0.0,74.3,91.5
1936.0,11.0,8.5,3.1,5.0,76.8,39.3
1936.0,12.0,8.1,2.7,6.0,67.4,42.2
1937.0,1.0,7.2,2.2,8.0,139.3,25.6
1937.0,2.0,7.3,2.7,1.0,131.9,57.4
1937.0,3.0,5.5,0.2,13.0,84.9,78.3
1937.0,4.0,11.7,5.2,1.0,56.5,80.5
1937.0,5.0,16.0,7.8,0.0,77.7,166.1
1937.0,6.0,17.9,10.4,0.0,27.7,156.2
1937.0,7.0,19.7,12.5,0.0,75.3,135.0
1937.0,8.0,21.3,12.5,0.0,14.9,153.8
1937.0,9.0,17.5,9.5,0.0,50.1,140.0
1937.0,10.0,13.5,7.9,0.0,85.5,59.9
1937.0,11.0,8.0,3.2,4.0,59.9,34.4
1937.0,12.0,5.1,1.2,10.0,95.1,17.1
1938.0,1.0,8.3,3.4,0.0,93.9,41.1
1938.0,2.0,7.2,2.7,0.0,27.1,38.0
1938.0,3.0,13.8,6.1,0.0,7.2,128.4
1938.0,4.0,11.6,4.3,0.0,4.8,112.7
1938.0,5.0,14.9,6.6,0.0,67.1,150.0
1938.0,6.0,18.5,10.6,0.0,50.6,183.8
1938.0,7.0,18.7,11.3,0.0,96.1,128.7
1938.0,8.0,19.7,12.1,0.0,78.4,131.0
1938.0,9.0,17.1,10.4,0.0,58.7,107.3
1938.0,10.0,13.4,7.4,0.0,119.8,88.1
1938.0,11.0,11.7,6.4,0.0,101.8,74.4
1938.0,12.0,6.3,1.7,7.0,84.1,30.1
1939.0,1.0,6.0,1.9,7.0,148.9,20.7
1939.0,2.0,8.2,2.6,3.0,45.0,71.6
1939.0,3.0,8.3,3.1,0.0,55.4,88.6
1939.0,4.0,12.2,4.7,1.0,48.4,150.7
1939.0,5.0,15.6,7.2,0.0,49.2,163.1
1939.0,6.0,18.4,9.2,0.0,60.3,188.4
1939.0,7.0,19.1,12.0,0.0,129.3,133.0
1939.0,8.0,19.9,12.6,0.0,61.4,90.2
1939.0,9.0,17.2,11.0,0.0,49.3,80.9
1939.0,10.0,11.0,5.3,0.0,94.8,74.4
1939.0,11.0,10.7,5.8,0.0,136.6,41.9
1939.0,12.0,5.8,2.6,2.0,57.7,31.9
1940.0,1.0,1.8,-3.5,27.0,83.3,32.8
1940.0,2.0,3.5,-0.8,15.0,63.1,14.3
1940.0,3.0,9.5,2.6,7.0,53.4,104.3
1940.0,4.0,11.8,4.4,1.0,69.1,105.1
1940.0,5.0,17.4,7.9,0.0,28.8,193.9
1940.0,6.0,22.4,11.6,0.0,15.1,278.9
1940.0,7.0,19.5,11.4,0.0,69.5,169.8
1940.0,8.0,19.7,11.7,0.0,7.7,172.0
1940.0,9.0,16.8,9.0,0.0,34.2,154.6
1940.0,10.0,12.2,6.9,1.0,106.9,52.2
1940.0,11.0,9.2,4.6,1.0,173.0,43.5
1940.0,12.0,6.5,2.3,1.0,61.3,28.3
1941.0,1.0,1.7,-1.4,22.0,125.5,19.8
1941.0,2.0,5.4,0.5,13.0,87.7,65.6
1941.0,3.0,7.9,1.1,5.0,125.1,96.9
1941.0,4.0,8.9,3.2,1.0,46.4,70.6
1941.0,5.0,13.0,5.2,1.0,77.6,115.9
1941.0,6.0,19.8,10.3,0.0,6.0,203.4
1941.0,7.0,22.4,13.5,0.0,106.2,208.3
1941.0,8.0,18.6,11.3,0.0,69.6,175.7
1941.0,9.0,18.2,11.4,0.0,8.5,62.7
1941.0,10.0,13.0,7.9,0.0,108.8,58.6
1941.0,11.0,8.5,3.8,1.0,92.5,25.3
1941.0,12.0,8.6,4.1,3.0,28.2,39.3
1942.0,1.0,3.2,-0.8,18.0,84.0,19.6
1942.0,2.0,2.5,-2.4,25.0,31.1,24.3
1942.0,3.0,7.4,1.5,7.0,57.1,36.1
1942.0,4.0,13.1,4.4,0.0,36.0,182.1
1942.0,5.0,15.2,6.8,0.0,114.3,190.1
1942.0,6.0,19.3,10.2,0.0,29.4,190.4
1942.0,7.0,19.7,11.5,0.0,52.3,183.5
1942.0,8.0,19.9,12.9,0.0,84.8,103.6
1942.0,9.0,17.2,10.2,0.0,29.4,120.4
1942.0,10.0,13.7,7.8,0.0,67.6,78.8
1942.0,11.0,8.5,4.1,0.0,37.0,39.9
1942.0,12.0,8.9,4.3,4.0,58.1,25.3
1943.0,1.0,6.4,2.2,7.0,117.6,29.8
1943.0,2.0,8.9,3.4,1.0,41.1,101.8
1943.0,3.0,10.6,3.4,2.0,33.4,112.7
1943.0,4.0,14.5,6.8,0.0,48.0,163.3
1943.0,5.0,16.8,7.2,0.0,69.6,222.8
1943.0,6.0,18.5,10.7,0.0,39.3,188.4
1943.0,7.0,21.0,11.6,0.0,32.6,211.3
1943.0,8.0,19.5,12.0,0.0,61.9,111.7
1943.0,9.0,16.6,10.0,0.0,83.2,121.0
1943.0,10.0,14.0,7.7,0.0,48.3,86.5
1943.0,11.0,8.6,4.3,0.0,59.8,47.8
1943.0,12.0,6.5,2.3,6.0,26.5,30.0
1944.0,1.0,8.8,3.4,4.0,96.2,41.2
1944.0,2.0,5.9,1.1,8.0,50.6,41.3
1944.0,3.0,8.7,2.5,7.0,11.0,95.8
1944.0,4.0,13.8,6.2,1.0,58.5,125.6
1944.0,5.0,15.3,7.0,0.0,60.0,163.3
1944.0,6.0,16.8,9.4,0.0,56.3,146.3
1944.0,7.0,19.5,12.8,0.0,58.2,99.7
1944.0,8.0,20.8,12.5,0.0,64.1,142.0
1944.0,9.0,15.9,9.1,0.0,111.7,101.7
1944.0,10.0,11.7,6.8,0.0,77.3,61.9
1944.0,11.0,8.8,3.7,0.0,142.1,31.1
1944.0,12.0,6.5,1.8,6.0,61.9,38.8
1945.0,1.0,3.4,-1.0,17.0,75.2,49.1
1945.0,2.0,10.1,4.2,1.0,69.1,59.4
1945.0,3.0,12.2,5.1,0.0,13.7,114.5
1945.0,4.0,14.3,6.0,1.0,44.5,163.6
1945.0,5.0,16.1,8.0,0.0,78.8,142.6
1945.0,6.0,18.5,10.9,0.0,80.4,162.8
1945.0,7.0,20.9,13.2,0.0,45.3,192.0
1945.0,8.0,20.1,11.9,0.0,66.8,150.5
1945.0,9.0,17.5,11.0,0.0,20.9,77.5
1945.0,10.0,15.2,8.9,0.0,136.8,75.5
1945.0,11.0,9.3,5.7,0.0,9.9,22.8
1945.0,12.0,7.6,3.0,4.0,42.5,33.6
1946.0,1.0,5.7,0.6,16.0,108.1,31.5
1946.0,2.0,8.2,3.5,6.0,111.8,71.0
1946.0,3.0,8.8,2.0,9.0,32.9,102.9
1946.0,4.0,14.1,6.3,0.0,29.2,150.5
1946.0,5.0,13.9,6.0,0.0,60.7,143.6
1946.0,6.0,17.1,9.5,0.0,85.3,178.9
1946.0,7.0,20.3,12.8,0.0,63.9,170.7
1946.0,8.0,18.2,11.1,0.0,110.2,130.1
1946.0,9.0,17.0,10.7,0.0,113.0,98.0
1946.0,10.0,11.7,7.5,0.0,32.0,47.5
1946.0,11.0,10.2,5.8,0.0,158.2,22.5
1946.0,12.0,5.8,1.3,6.0,80.4,45.3
1947.0,1.0,3.7,0.0,16.0,85.4,34.8
1947.0,2.0,-0.6,-3.5,28.0,69.0,18.5
1947.0,3.0,5.3,0.2,14.0,141.4,58.5
1947.0,4.0,11.9,5.0,0.0,88.5,142.0
1947.0,5.0,18.2,8.5,0.0,56.8,151.3
1947.0,6.0,19.8,11.7,0.0,68.4,168.6
1947.0,7.0,20.6,13.6,0.0,32.8,116.7
1947.0,8.0,23.9,13.3,0.0,12.7,239.0
1947.0,9.0,18.8,11.1,0.0,35.5,145.5
1947.0,10.0,14.6,8.2,0.0,14.0,83.1
1947.0,11.0,9.8,4.7,5.0,72.6,89.2
1947.0,12.0,7.6,3.4,6.0,94.0,22.8
1948.0,1.0,7.2,2.6,1.0,165.3,32.4
1948.0,2.0,6.5,2.3,8.0,59.0,34.8
1948.0,3.0,12.4,4.0,2.0,26.1,131.2
1948.0,4.0,12.9,4.9,0.0,42.1,154.7
1948.0,5.0,15.9,6.5,0.0,38.4,216.8
1948.0,6.0,16.9,9.7,0.0,72.5,151.8
1948.0,7.0,19.7,11.7,0.0,24.2,171.6
1948.0,8.0,18.5,11.5,0.0,118.9,108.0
1948.0,9.0,16.7,10.8,0.0,37.4,101.0
1948.0,10.0,13.4,7.2,0.0,37.1,78.3
1948.0,11.0,10.6,4.9,3.0,28.0,62.9
1948.0,12.0,7.9,3.0,5.0,87.6,33.0
1949.0,1.0,7.8,3.0,3.0,34.4,48.0
1949.0,2.0,8.9,2.8,5.0,38.4,96.0
1949.0,3.0,7.2,1.9,8.0,32.5,90.3
1949.0,4.0,13.7,6.0,0.0,66.4,148.3
1949.0,5.0,15.6,6.7,0.0,41.0,225.2
1949.0,6.0,20.2,9.9,0.0,13.3,227.1
1949.0,7.0,21.6,12.7,0.0,114.8,170.4
1949.0,8.0,21.1,12.5,0.0,41.6,181.0
1949.0,9.0,19.9,12.3,0.0,28.0,126.9
1949.0,10.0,14.5,8.1,1.0,84.2,92.7
1949.0,11.0,8.9,4.0,1.0,112.9,46.8
1949.0,12.0,8.0,3.3,0.0,105.7,35.0
1950.0,1.0,6.4,2.3,9.0,35.7,15.8
1950.0,2.0,8.0,1.8,5.0,147.9,65.6
1950.0,3.0,11.4,4.0,1.0,25.5,114.2
1950.0,4.0,10.7,3.4,1.0,78.0,141.4
1950.0,5.0,13.9,6.8,0.0,38.9,112.7
1950.0,6.0,21.1,11.4,0.0,28.4,248.8
1950.0,7.0,19.9,12.2,0.0,43.1,184.2
1950.0,8.0,19.8,11.8,0.0,84.6,160.9
1950.0,9.0,16.1,9.6,0.0,87.1,106.4
1950.0,10.0,12.6,7.0,0.0,35.4,90.5
1950.0,11.0,8.1,3.3,2.0,119.3,34.5
1950.0,12.0,3.2,-0.3,16.0,50.6,36.1
1951.0,1.0,5.9,1.6,8.0,68.8,41.7
1951.0,2.0,5.7,1.0,2.0,92.4,41.1
1951.0,3.0,6.5,0.9,7.0,102.5,75.7
1951.0,4.0,10.3,3.4,0.0,31.8,146.1
1951.0,5.0,13.0,5.8,0.0,100.6,118.2
1951.0,6.0,17.9,9.4,0.0,14.7,206.8
1951.0,7.0,20.6,12.3,0.0,32.9,184.9
1951.0,8.0,18.4,11.2,0.0,133.1,143.7
1951.0,9.0,17.7,10.7,0.0,45.1,113.5
1951.0,10.0,13.5,6.5,0.0,23.7,96.3
1951.0,11.0,10.6,6.0,0.0,199.2,50.9
1951.0,12.0,8.2,2.6,4.0,92.9,38.8
1952.0,1.0,5.0,0.7,7.0,89.9,52.9
1952.0,2.0,6.4,0.9,11.0,19.7,60.5
1952.0,3.0,9.0,3.5,5.0,57.0,61.8
1952.0,4.0,13.7,5.4,0.0,40.8,140.7
1952.0,5.0,17.6,9.0,0.0,74.4,173.9
1952.0,6.0,18.4,10.3,0.0,37.4,192.8
1952.0,7.0,19.9,12.9,0.0,32.6,137.4
1952.0,8.0,19.9,12.0,0.0,37.0,160.3
1952.0,9.0,13.7,8.1,0.0,70.0,77.3
1952.0,10.0,11.8,6.2,0.0,124.6,94.2
1952.0,11.0,6.6,2.3,5.0,50.7,55.5
1952.0,12.0,5.9,1.5,7.0,60.4,39.5
1953.0,1.0,6.4,2.4,3.0,21.2,26.3
1953.0,2.0,7.3,2.6,6.0,54.8,40.2
1953.0,3.0,10.6,2.0,8.0,47.8,82.4
1953.0,4.0,11.0,3.4,0.0,59.9,128.9
1953.0,5.0,17.4,8.5,0.0,61.4,180.0
1953.0,6.0,17.8,10.7,0.0,49.5,108.7
1953.0,7.0,19.4,12.0,0.0,66.1,184.4
1953.0,8.0,20.2,12.4,0.0,79.6,180.9
1953.0,9.0,18.0,10.3,0.0,34.8,142.8
1953.0,10.0,13.3,6.5,0.0,50.3,68.2
1953.0,11.0,11.2,6.3,0.0,44.0,39.7
1953.0,12.0,8.8,5.0,0.0,28.8,24.2
1954.0,1.0,5.3,1.0,11.0,70.2,27.5
1954.0,2.0,4.3,-0.2,11.0,74.5,40.5
1954.0,3.0,8.6,2.4,3.0,61.4,90.4
1954.0,4.0,11.7,4.1,0.0,7.6,120.4
1954.0,5.0,14.9,7.4,0.0,93.8,104.4
1954.0,6.0,16.4,9.9,0.0,57.2,117.5
1954.0,7.0,17.4,10.9,0.0,49.2,126.9
1954.0,8.0,17.7,11.0,0.0,166.7,98.8
1954.0,9.0,16.4,9.0,0.0,58.0,161.4
1954.0,10.0,14.9,9.2,0.0,78.7,80.5
1954.0,11.0,9.6,4.1,0.0,170.7,48.0
1954.0,12.0,8.8,4.3,2.0,95.8,31.5
1955.0,1.0,4.8,0.5,12.0,60.0,31.7
1955.0,2.0,3.5,-0.9,17.0,69.2,55.0
1955.0,3.0,6.5,-0.1,17.0,88.1,106.5
1955.0,4.0,13.5,5.9,0.0,19.0,137.0
1955.0,5.0,12.9,5.7,0.0,85.5,181.5
1955.0,6.0,17.2,9.3,0.0,85.9,121.8
1955.0,7.0,22.9,12.8,0.0,30.8,231.4
1955.0,8.0,22.0,13.5,0.0,19.3,139.2
1955.0,9.0,18.4,11.0,0.0,18.4,150.6
1955.0,10.0,13.3,6.5,2.0,60.4,130.3
1955.0,11.0,9.7,5.2,0.0,67.2,30.8
1955.0,12.0,8.1,2.9,6.0,96.4,32.7
1956.0,1.0,6.2,1.5,7.0,154.0,38.8
1956.0,2.0,3.1,-1.8,21.0,30.5,37.2
1956.0,3.0,9.1,2.3,6.0,26.4,85.2
1956.0,4.0,10.3,2.7,1.0,63.5,110.7
1956.0,5.0,16.8,7.7,0.0,11.2,231.6
1956.0,6.0,16.5,9.4,0.0,82.1,148.1
1956.0,7.0,18.7,12.4,0.0,141.7,121.8
1956.0,8.0,16.6,10.2,0.0,146.1,112.1
1956.0,9.0,17.6,10.7,0.0,83.4,98.4
1956.0,10.0,12.9,6.9,0.0,33.1,98.4
1956.0,11.0,8.8,4.4,2.0,21.4,34.7
1956.0,12.0,7.7,3.7,6.0,107.9,17.9
1957.0,1.0,8.1,2.9,5.0,44.8,28.9
1957.0,2.0,8.0,2.0,4.0,78.8,75.1
1957.0,3.0,12.2,5.8,0.0,58.2,68.8
1957.0,4.0,12.3,4.8,0.0,2.2,106.9
1957.0,5.0,14.6,6.3,0.0,27.3,160.7
1957.0,6.0,20.5,10.1,0.0,31.8,275.7
1957.0,7.0,19.5,12.9,0.0,83.2,112.3
1957.0,8.0,18.2,12.0,0.0,117.2,106.3
1957.0,9.0,15.3,9.6,0.0,98.8,111.4
1957.0,10.0,14.1,7.7,0.0,41.6,80.9
1957.0,11.0,8.7,4.9,1.0,61.3,41.4
1957.0,12.0,7.2,2.2,9.0,88.3,26.0
1958.0,1.0,6.2,1.1,13.0,86.4,45.2
1958.0,2.0,7.2,1.6,10.0,121.7,62.6
1958.0,3.0,6.1,0.8,16.0,49.9,82.9
1958.0,4.0,11.4,3.8,2.0,19.7,126.3
1958.0,5.0,15.5,7.4,0.0,71.4,151.9
1958.0,6.0,17.2,9.7,0.0,126.6,95.0
1958.0,7.0,19.5,12.2,0.0,144.6,161.0
1958.0,8.0,19.6,12.2,0.0,65.9,119.8
1958.0,9.0,18.5,11.7,0.0,85.8,93.1
1958.0,10.0,13.9,7.7,0.0,66.8,91.2
1958.0,11.0,9.2,4.4,1.0,15.6,44.9
1958.0,12.0,6.8,2.7,3.0,110.0,14.3
1959.0,1.0,4.7,-0.2,18.0,89.7,68.2
1959.0,2.0,7.6,2.7,5.0,2.2,49.7
1959.0,3.0,10.0,4.3,0.0,38.4,72.7
1959.0,4.0,13.2,5.9,0.0,88.5,139.2
1959.0,5.0,17.5,8.0,0.0,26.7,194.6
1959.0,6.0,20.0,10.9,0.0,30.7,227.8
1959.0,7.0,22.2,13.1,0.0,33.5,215.8
1959.0,8.0,22.4,13.2,0.0,18.8,201.4
1959.0,9.0,20.0,10.6,0.0,0.6,146.2
1959.0,10.0,16.4,8.3,0.0,57.4,108.2
1959.0,11.0,9.3,4.5,2.0,106.0,36.6
1959.0,12.0,8.0,3.4,0.0,116.8,18.1
1960.0,1.0,6.2,1.9,6.0,137.7,23.7
1960.0,2.0,6.5,1.2,11.0,77.9,55.4
1960.0,3.0,8.0,3.1,1.0,52.1,44.9
1960.0,4.0,13.4,5.5,0.0,38.9,147.8
1960.0,5.0,17.6,8.8,0.0,46.4,166.2
1960.0,6.0,21.7,11.5,0.0,41.4,261.8
1960.0,7.0,19.1,11.4,0.0,64.8,131.3
1960.0,8.0,19.1,11.4,0.0,80.6,143.2
1960.0,9.0,16.8,9.9,0.0,108.7,111.4
1960.0,10.0,12.4,7.5,0.0,179.0,48.1
1960.0,11.0,9.6,4.7,0.0,116.2,44.3
1960.0,12.0,6.5,2.3,4.0,91.5,47.1
1961.0,1.0,5.4,1.1,6.0,96.1,27.4
1961.0,2.0,9.6,4.2,0.0,63.1,67.9
1961.0,3.0,13.1,5.4,0.0,14.3,142.5
1961.0,4.0,13.0,6.0,0.0,84.1,85.5
1961.0,5.0,14.5,6.9,0.0,42.9,170.1
1961.0,6.0,19.2,10.4,0.0,33.9,199.7
1961.0,7.0,18.8,11.3,0.0,55.7,161.4
1961.0,8.0,19.3,11.8,0.0,62.2,187.2
1961.0,9.0,19.3,11.3,0.0,53.0,133.5
1961.0,10.0,13.9,7.7,0.0,94.9,118.7
1961.0,11.0,8.7,4.1,1.0,42.3,53.5
1961.0,12.0,5.0,-0.2,15.0,75.5,42.1
1962.0,1.0,7.3,2.1,6.0,91.2,67.1
1962.0,2.0,7.0,1.9,6.0,57.8,68.6
1962.0,3.0,6.0,-0.6,17.0,27.8,116.7
1962.0,4.0,11.1,3.9,0.0,76.3,138.1
1962.0,5.0,13.6,6.2,0.0,78.4,149.9
1962.0,6.0,18.3,9.3,0.0,13.5,206.6
1962.0,7.0,17.8,10.8,0.0,39.7,99.5
1962.0,8.0,17.8,10.8,0.0,94.9,145.6
1962.0,9.0,16.0,9.3,0.0,84.4,87.4
1962.0,10.0,13.9,7.4,1.0,32.0,85.8
1962.0,11.0,7.8,2.9,6.0,38.5,31.3
1962.0,12.0,5.3,-0.6,15.0,54.1,46.5
1963.0,1.0,1.3,-2.9,28.0,46.8,39.4
1963.0,2.0,1.4,-3.5,28.0,28.3,41.9
1963.0,3.0,8.9,1.6,6.0,72.0,93.8
1963.0,4.0,11.7,4.4,0.0,60.3,79.5
1963.0,5.0,14.6,6.4,0.0,31.5,155.1
1963.0,6.0,19.3,10.3,0.0,99.1,179.9
1963.0,7.0,19.7,11.0,0.0,68.6,173.3
1963.0,8.0,17.6,10.6,0.0,60.1,88.5
1963.0,9.0,16.9,9.2,0.0,79.5,136.6
1963.0,10.0,13.6,7.4,0.0,39.4,73.4
1963.0,11.0,9.7,5.4,1.0,132.5,33.3
1963.0,12.0,5.2,1.0,11.0,18.7,35.1
1964.0,1.0,5.8,1.0,8.0,23.1,54.8
1964.0,2.0,6.6,1.7,11.0,28.7,50.5
1964.0,3.0,5.5,1.2,8.0,122.4,46.6
1964.0,4.0,12.7,5.4,0.0,46.1,91.3
1964.0,5.0,18.2,8.7,0.0,55.5,203.0
1964.0,6.0,17.0,10.1,0.0,70.2,105.8
1964.0,7.0,19.8,11.9,0.0,50.8,184.9
1964.0,8.0,19.5,11.5,0.0,49.4,179.3
1964.0,9.0,18.7,9.3,0.0,20.8,165.1
1964.0,10.0,12.5,5.7,0.0,41.8,106.7
1964.0,11.0,9.8,4.7,2.0,40.8,40.9
1964.0,12.0,6.3,0.4,16.0,93.7,61.3
1965.0,1.0,5.7,1.4,12.0,90.1,57.4
1965.0,2.0,5.5,1.5,8.0,22.4,21.3
1965.0,3.0,8.8,1.0,10.0,74.0,112.0
1965.0,4.0,12.0,4.3,0.0,50.0,134.8
1965.0,5.0,15.5,7.6,0.0,68.2,137.1
1965.0,6.0,19.0,10.4,0.0,91.8,163.7
1965.0,7.0,17.0,10.5,0.0,58.9,91.3
1965.0,8.0,19.0,11.1,0.0,49.2,133.7
1965.0,9.0,15.6,9.3,0.0,167.4,82.8
1965.0,10.0,14.2,7.6,0.0,27.5,73.1
1965.0,11.0,6.5,1.9,8.0,147.5,63.1
1965.0,12.0,7.0,2.0,5.0,191.5,52.1
1966.0,1.0,4.3,0.6,14.0,41.5,22.9
1966.0,2.0,7.2,2.5,11.0,154.2,25.2
1966.0,3.0,9.6,3.5,4.0,46.9,110.3
1966.0,4.0,8.7,3.5,6.0,140.6,74.1
1966.0,5.0,15.7,7.2,0.0,58.8,209.2
1966.0,6.0,19.4,11.4,0.0,61.3,142.8
1966.0,7.0,18.4,11.5,0.0,44.5,130.8
1966.0,8.0,18.8,10.8,0.0,92.9,124.6
1966.0,9.0,17.6,10.2,0.0,55.7,107.8
1966.0,10.0,12.8,6.7,0.0,101.4,66.1
1966.0,11.0,7.8,3.5,0.0,93.9,41.1
1966.0,12.0,7.5,2.7,3.0,77.3,36.1
1967.0,1.0,6.3,1.8,11.0,49.7,66.3
1967.0,2.0,7.7,3.1,3.0,70.9,52.2
1967.0,3.0,10.2,4.2,1.0,57.8,165.4
1967.0,4.0,11.2,4.5,1.0,32.7,85.8
1967.0,5.0,13.9,6.4,1.0,172.6,142.1
1967.0,6.0,19.5,10.2,0.0,13.7,212.8
1967.0,7.0,21.5,12.8,0.0,40.9,178.0
1967.0,8.0,20.0,12.0,0.0,70.3,117.8
1967.0,9.0,17.0,9.5,0.0,62.5,88.4
1967.0,10.0,13.9,7.7,0.0,115.5,110.4
1967.0,11.0,8.1,2.3,6.0,71.4,50.4
1967.0,12.0,6.7,2.0,11.0,44.7,52.8
1968.0,1.0,6.7,1.9,11.0,67.4,36.1
1968.0,2.0,4.4,-0.4,17.0,42.8,60.5
1968.0,3.0,9.7,3.2,5.0,61.3,98.2
1968.0,4.0,12.9,3.9,9.0,54.2,152.3
1968.0,5.0,13.7,5.9,0.0,82.8,100.9
1968.0,6.0,19.5,10.3,0.0,54.9,174.1
1968.0,7.0,18.2,11.5,0.0,112.5,69.9
1968.0,8.0,19.4,11.8,0.0,41.8,99.9
1968.0,9.0,17.2,10.6,0.0,155.2,74.1
1968.0,10.0,15.0,9.8,0.0,63.5,63.8
1968.0,11.0,8.0,4.2,1.0,87.3,29.6
1968.0,12.0,5.0,1.2,9.0,52.9,28.3
1969.0,1.0,7.8,3.0,7.0,85.0,28.8
1969.0,2.0,2.5,-1.5,20.0,101.0,63.5
1969.0,3.0,4.7,0.0,19.0,119.9,48.1
1969.0,4.0,11.2,3.4,1.0,76.1,147.5
1969.0,5.0,14.6,7.4,0.0,99.1,99.2
1969.0,6.0,18.8,9.3,0.0,62.5,253.4
1969.0,7.0,21.5,12.9,0.0,52.6,227.3
1969.0,8.0,19.9,12.6,0.0,48.5,129.0
1969.0,9.0,17.3,10.5,0.0,38.9,75.4
1969.0,10.0,15.9,9.6,0.0,24.7,76.9
1969.0,11.0,7.5,2.2,5.0,163.7,61.5
1969.0,12.0,5.8,1.6,13.0,72.7,30.5
1970.0,1.0,5.7,1.5,8.0,94.7,36.8
1970.0,2.0,5.5,0.1,11.0,104.0,88.5
1970.0,3.0,6.6,0.8,13.0,55.4,114.6
1970.0,4.0,10.4,3.4,4.0,106.6,137.2
1970.0,5.0,17.4,8.5,0.0,16.9,160.2
1970.0,6.0,21.8,11.2,0.0,24.2,238.9
1970.0,7.0,19.0,11.9,0.0,39.2,153.3
1970.0,8.0,20.4,12.2,0.0,72.9,137.6
1970.0,9.0,18.3,11.2,0.0,42.8,122.6
1970.0,10.0,14.1,7.5,0.0,47.9,101.0
1970.0,11.0,9.6,5.1,1.0,141.4,48.4
1970.0,12.0,6.2,2.6,6.0,40.6,45.7
1971.0,1.0,6.6,2.3,8.0,69.3,39.9
1971.0,2.0,7.6,2.6,3.0,26.7,63.3
1971.0,3.0,8.1,2.8,5.0,47.2,79.8
1971.0,4.0,11.1,4.3,0.0,84.1,70.0
1971.0,5.0,16.4,7.0,0.0,63.5,207.3
1971.0,6.0,15.6,8.8,0.0,69.4,131.5
1971.0,7.0,22.1,12.8,0.0,86.3,207.2
1971.0,8.0,19.4,11.8,0.0,102.2,121.1
1971.0,9.0,18.8,10.1,0.0,31.2,148.0
1971.0,10.0,15.3,8.1,0.0,92.8,139.3
1971.0,11.0,9.1,3.7,4.0,62.6,78.5
1971.0,12.0,8.8,4.8,0.0,35.1,48.2
1972.0,1.0,5.7,1.6,8.0,92.7,38.7
1972.0,2.0,5.8,1.8,5.0,65.9,28.9
1972.0,3.0,9.9,2.5,4.0,106.2,118.6
1972.0,4.0,11.5,5.3,0.0,56.9,94.6
1972.0,5.0,14.4,6.8,0.0,56.6,135.4
1972.0,6.0,15.8,8.7,0.0,83.1,127.8
1972.0,7.0,19.5,11.6,0.0,55.7,148.4
1972.0,8.0,19.3,11.5,0.0,61.2,180.8
1972.0,9.0,15.1,8.5,0.0,50.6,80.4
1972.0,10.0,13.5,7.0,0.0,14.5,61.7
1972.0,11.0,9.2,4.5,1.0,84.9,68.6
1972.0,12.0,7.6,2.9,0.0,80.3,22.7
1973.0,1.0,6.7,2.8,5.0,39.8,26.7
1973.0,2.0,7.4,2.1,9.0,65.0,91.7
1973.0,3.0,10.6,3.6,0.0,15.1,127.3
1973.0,4.0,10.6,3.5,2.0,77.5,142.1
1973.0,5.0,15.5,7.4,0.0,59.5,150.6
1973.0,6.0,20.0,10.8,0.0,44.0,204.2
1973.0,7.0,19.7,12.1,0.0,200.6,115.6
1973.0,8.0,20.7,12.1,0.0,58.0,161.9
1973.0,9.0,18.0,10.5,0.0,58.1,108.8
1973.0,10.0,12.2,6.0,1.0,63.3,82.2
1973.0,11.0,8.6,3.6,7.0,28.8,89.7
1973.0,12.0,7.3,2.4,7.0,51.6,41.8
1974.0,1.0,8.1,2.9,3.0,79.3,49.4
1974.0,2.0,8.0,3.1,0.0,67.3,55.5
1974.0,3.0,8.5,2.2,1.0,39.8,95.0
1974.0,4.0,11.6,3.6,0.0,12.3,120.5
1974.0,5.0,15.7,6.9,0.0,39.5,195.1
1974.0,6.0,17.7,9.8,0.0,48.5,184.3
1974.0,7.0,18.7,11.7,0.0,67.6,164.0
1974.0,8.0,19.5,11.5,0.0,81.0,180.1
1974.0,9.0,15.7,8.8,0.0,90.8,138.7
1974.0,10.0,10.0,5.3,0.0,55.9,89.6
1974.0,11.0,8.7,3.7,1.0,121.1,47.5
1974.0,12.0,9.9,5.1,2.0,71.1,43.2
1975.0,1.0,8.9,3.8,1.0,73.2,32.2
1975.0,2.0,6.5,1.6,8.0,15.8,25.0
1975.0,3.0,7.0,1.7,7.0,58.8,89.4
1975.0,4.0,12.2,5.1,4.0,46.9,132.8
1975.0,5.0,13.8,5.6,0.0,86.2,187.9
1975.0,6.0,20.1,9.7,0.0,11.9,253.2
1975.0,7.0,21.7,13.2,0.0,81.9,170.9
1975.0,8.0,24.6,14.1,0.0,51.2,236.1
1975.0,9.0,17.3,9.5,0.0,34.6,138.5
1975.0,10.0,13.4,6.5,0.0,27.2,91.2
1975.0,11.0,8.8,3.3,3.0,28.6,70.6
1975.0,12.0,8.2,3.4,4.0,43.0,49.8
1976.0,1.0,7.6,3.2,8.0,93.8,41.4
1976.0,2.0,6.7,2.1,8.0,33.7,45.0
1976.0,3.0,7.8,1.4,8.0,29.5,108.8
1976.0,4.0,11.7,4.4,2.0,16.2,116.1
1976.0,5.0,15.8,7.9,0.0,79.9,148.6
1976.0,6.0,22.3,12.0,0.0,16.6,250.2
1976.0,7.0,24.0,13.2,0.0,16.9,285.2
1976.0,8.0,23.0,11.9,0.0,17.3,215.6
1976.0,9.0,16.4,9.6,0.0,134.9,85.5
1976.0,10.0,13.0,7.5,0.0,127.7,58.7
1976.0,11.0,8.6,3.2,1.0,32.4,58.7
1976.0,12.0,3.7,0.3,10.0,75.3,55.2
1977.0,1.0,4.6,0.4,12.0,113.8,45.9
1977.0,2.0,6.3,1.5,6.0,201.4,53.5
1977.0,3.0,9.5,3.4,3.0,59.7,79.0
1977.0,4.0,10.6,3.6,2.0,45.0,179.3
1977.0,5.0,14.6,6.1,0.0,43.5,207.6
1977.0,6.0,16.4,8.3,0.0,66.4,182.0
1977.0,7.0,19.6,11.9,0.0,9.5,178.3
1977.0,8.0,19.4,11.7,0.0,69.2,137.7
1977.0,9.0,16.6,9.7,0.0,35.2,108.8
1977.0,10.0,14.0,8.4,0.0,45.4,87.4
1977.0,11.0,8.4,3.4,5.0,112.0,80.9
1977.0,12.0,7.5,3.6,1.0,82.5,30.7
1978.0,1.0,5.3,0.7,9.0,99.4,52.4
1978.0,2.0,4.4,-0.5,14.0,55.4,33.5
1978.0,3.0,10.1,3.3,1.0,73.2,142.5
1978.0,4.0,9.4,3.0,6.0,47.3,89.9
1978.0,5.0,16.1,7.1,0.0,34.7,180.7
1978.0,6.0,17.4,10.0,0.0,90.0,174.4
1978.0,7.0,18.3,10.9,0.0,58.8,150.7
1978.0,8.0,18.6,11.7,0.0,48.5,126.9
1978.0,9.0,17.2,11.0,0.0,48.8,126.2
1978.0,10.0,15.3,9.2,0.0,9.9,88.4
1978.0,11.0,11.3,6.0,4.0,50.0,71.4
1978.0,12.0,5.0,0.8,14.0,207.9,24.9
1979.0,1.0,2.5,-2.4,24.0,82.3,55.7
1979.0,2.0,2.6,-1.2,22.0,78.6,50.5
1979.0,3.0,6.9,1.7,6.0,148.0,88.9
1979.0,4.0,11.0,4.4,1.0,83.1,106.0
1979.0,5.0,14.4,6.0,1.0,115.5,158.8
1979.0,6.0,19.1,10.4,0.0,34.9,190.0
1979.0,7.0,20.4,12.2,0.0,13.0,169.8
1979.0,8.0,19.1,11.4,0.0,79.0,171.2
1979.0,9.0,17.6,9.6,0.0,25.0,166.9
1979.0,10.0,14.2,7.8,0.0,66.4,82.5
1979.0,11.0,9.6,3.9,2.0,96.9,54.9
1979.0,12.0,7.4,3.6,4.0,137.7,42.5
1980.0,1.0,4.4,0.4,13.0,70.9,47.4
1980.0,2.0,7.8,2.9,2.0,117.1,28.4
1980.0,3.0,7.4,1.9,6.0,100.1,87.8
1980.0,4.0,13.4,5.1,1.0,10.6,149.3
1980.0,5.0,16.0,6.1,0.0,20.5,214.2
1980.0,6.0,17.9,10.3,0.0,132.8,114.8
1980.0,7.0,18.5,11.0,0.0,66.9,130.0
1980.0,8.0,19.8,12.0,0.0,79.0,155.9
1980.0,9.0,18.6,11.4,0.0,33.2,151.5
1980.0,10.0,11.9,5.6,0.0,113.2,93.7
1980.0,11.0,8.7,4.4,5.0,81.8,41.5
1980.0,12.0,8.4,3.2,4.0,51.7,48.9
1981.0,1.0,7.5,2.1,7.0,56.4,47.8
1981.0,2.0,5.3,0.5,12.0,89.4,55.6
1981.0,3.0,10.1,4.8,0.0,149.9,51.3
1981.0,4.0,10.6,4.2,1.0,110.5,112.6
1981.0,5.0,15.6,7.6,0.0,65.3,149.0
1981.0,6.0,17.3,9.9,0.0,33.4,163.7
1981.0,7.0,19.6,12.2,0.0,18.8,172.6
1981.0,8.0,20.5,12.4,0.0,57.2,174.7
1981.0,9.0,19.2,10.7,0.0,107.8,162.2
1981.0,10.0,11.4,5.2,0.0,87.9,112.0
1981.0,11.0,10.4,4.9,0.0,70.4,41.1
1981.0,12.0,2.6,-2.3,21.0,93.6,37.4
1982.0,1.0,5.9,-0.3,14.0,39.9,48.2
1982.0,2.0,7.4,2.1,7.0,20.4,33.0
1982.0,3.0,9.7,2.8,1.0,100.1,131.7
1982.0,4.0,13.5,4.8,2.0,17.3,167.1
1982.0,5.0,17.1,6.7,0.0,23.6,238.9
1982.0,6.0,18.9,11.2,0.0,225.0,120.7
1982.0,7.0,20.9,12.5,0.0,14.7,173.0
1982.0,8.0,19.6,12.0,0.0,83.5,172.7
1982.0,9.0,18.7,10.5,0.0,56.4,148.5
1982.0,10.0,13.1,7.2,0.0,54.7,55.1
1982.0,11.0,10.0,5.4,1.0,117.5,38.6
1982.0,12.0,6.9,1.8,9.0,78.7,22.6
1983.0,1.0,9.0,4.0,3.0,98.7,42.8
1983.0,2.0,3.5,-0.8,17.0,39.9,35.3
1983.0,3.0,9.3,4.0,0.0,65.7,85.4
1983.0,4.0,10.1,3.2,1.0,121.2,115.3
1983.0,5.0,13.6,6.4,0.0,127.0,101.6
1983.0,6.0,18.0,9.9,0.0,7.6,171.0
1983.0,7.0,24.5,14.3,0.0,44.4,187.1
1983.0,8.0,22.1,12.6,0.0,31.3,207.7
1983.0,9.0,16.8,10.2,0.0,120.1,116.9
1983.0,10.0,13.6,7.3,2.0,66.9,84.1
1983.0,11.0,9.9,5.5,5.0,41.2,29.0
1983.0,12.0,8.2,3.4,4.0,142.2,37.9
1984.0,1.0,5.6,0.8,10.0,160.2,37.6
1984.0,2.0,5.8,0.6,12.0,79.7,42.3
1984.0,3.0,7.3,2.2,3.0,52.3,44.9
1984.0,4.0,13.3,3.5,5.0,10.0,205.7
1984.0,5.0,14.9,5.9,1.0,55.4,158.4
1984.0,6.0,19.1,10.5,0.0,40.9,219.3
1984.0,7.0,22.4,12.0,0.0,13.3,258.2
1984.0,8.0,22.5,12.6,0.0,81.9,183.0
1984.0,9.0,16.7,10.4,0.0,117.6,86.1
1984.0,10.0,14.3,7.7,0.0,82.7,75.6
1984.0,11.0,9.8,5.7,0.0,124.9,33.7
1984.0,12.0,7.3,2.4,8.0,47.6,39.1
1985.0,1.0,3.7,-0.8,19.0,73.0,26.3
1985.0,2.0,5.7,-0.3,14.0,4.6,58.2
1985.0,3.0,8.2,1.7,8.0,48.8,105.1
1985.0,4.0,11.6,4.8,2.0,69.5,111.7
1985.0,5.0,14.4,6.8,0.0,63.4,139.2
1985.0,6.0,16.8,8.6,0.0,76.5,179.8
1985.0,7.0,20.4,12.7,0.0,46.4,182.2
1985.0,8.0,18.4,11.3,0.0,87.9,158.0
1985.0,9.0,18.8,11.0,0.0,14.2,125.5
1985.0,10.0,14.4,8.7,0.0,33.6,64.3
1985.0,11.0,6.6,1.4,10.0,78.2,50.2
1985.0,12.0,8.2,4.0,6.0,78.0,22.9
1986.0,1.0,5.4,0.6,12.0,174.1,39.2
1986.0,2.0,1.0,-3.0,25.0,37.2,43.3
1986.0,3.0,8.2,1.8,5.0,67.4,101.8
1986.0,4.0,9.0,2.3,3.0,111.0,81.7
1986.0,5.0,16.0,7.5,0.0,94.7,184.7
1986.0,6.0,19.3,9.8,0.0,48.0,202.2
1986.0,7.0,20.0,11.9,0.0,25.3,175.2
1986.0,8.0,17.1,9.7,0.0,109.9,132.3
1986.0,9.0,16.1,7.6,0.0,9.5,182.1
1986.0,10.0,14.3,7.3,0.0,85.7,111.2
1986.0,11.0,10.6,4.7,0.0,93.0,57.9
1986.0,12.0,8.5,3.2,1.0,142.3,32.1
1987.0,1.0,3.4,-1.1,18.0,52.9,37.6
1987.0,2.0,6.7,1.0,11.0,35.1,52.3
1987.0,3.0,7.3,1.2,14.0,89.2,110.5
1987.0,4.0,14.6,6.1,0.0,64.6,156.6
1987.0,5.0,14.6,5.9,0.0,32.6,199.2
1987.0,6.0,16.5,9.0,0.0,140.0,123.1
1987.0,7.0,19.8,12.2,0.0,51.4,168.0
1987.0,8.0,19.7,12.2,0.0,45.1,149.3
1987.0,9.0,17.4,9.3,0.0,67.2,152.3
1987.0,10.0,12.5,6.0,0.0,119.5,77.6
1987.0,11.0,8.5,4.1,3.0,53.5,43.4
1987.0,12.0,7.9,3.8,5.0,38.2,15.5
1988.0,1.0,7.2,2.5,3.0,173.9,37.7
1988.0,2.0,7.3,2.2,4.0,81.0,94.7
1988.0,3.0,9.3,2.8,6.0,97.3,104.6
1988.0,4.0,11.6,5.0,1.0,44.1,90.6
1988.0,5.0,16.2,7.1,0.0,50.4,194.0
1988.0,6.0,18.9,10.8,0.0,55.9,146.2
1988.0,7.0,18.6,11.6,0.0,106.7,154.0
1988.0,8.0,19.5,11.7,0.0,78.6,180.9
1988.0,9.0,16.5,9.7,0.0,51.7,163.7
1988.0,10.0,13.0,7.1,2.0,88.9,75.6
1988.0,11.0,9.0,2.6,8.0,50.5,68.6
1988.0,12.0,9.8,5.4,0.0,36.0,35.7
1989.0,1.0,9.0,3.9,2.0,20.6,54.3
1989.0,2.0,9.1,2.9,3.0,75.3,93.1
1989.0,3.0,11.0,3.9,2.0,77.7,126.6
1989.0,4.0,9.6,2.7,3.0,115.5,107.8
1989.0,5.0,18.4,8.2,0.0,26.0,283.8
1989.0,6.0,20.2,10.0,0.0,54.1,255.5
1989.0,7.0,22.9,13.1,0.0,41.4,284.9
1989.0,8.0,21.1,12.0,0.0,36.2,240.5
1989.0,9.0,18.5,10.6,0.0,23.3,135.1
1989.0,10.0,14.9,8.5,0.0,65.3,85.1
1989.0,11.0,9.0,4.0,3.0,42.6,45.3
1989.0,12.0,6.7,2.8,4.0,159.1,12.9
1990.0,1.0,8.9,3.9,0.0,128.7,46.4
1990.0,2.0,9.7,4.4,1.0,115.2,58.5
1990.0,3.0,12.4,5.3,3.0,21.6,137.6
1990.0,4.0,13.1,3.9,3.0,25.9,201.6
1990.0,5.0,18.1,7.7,0.0,18.9,219.2
1990.0,6.0,17.6,10.4,0.0,46.4,112.1
1990.0,7.0,22.1,11.9,0.0,21.5,273.8
1990.0,8.0,23.1,13.8,0.0,40.8,233.4
1990.0,9.0,16.7,9.6,0.0,30.4,127.5
1990.0,10.0,14.4,8.6,0.0,129.7,75.9
1990.0,11.0,8.8,4.9,0.0,47.9,32.3
1990.0,12.0,6.7,2.6,5.0,136.0,24.3
1991.0,1.0,5.5,0.1,14.0,86.8,53.3
1991.0,2.0,4.8,-0.3,16.0,68.5,45.1
1991.0,3.0,10.7,5.2,1.0,58.7,61.0
1991.0,4.0,11.4,4.5,2.0,67.2,129.3
1991.0,5.0,14.6,7.7,0.0,14.4,131.5
1991.0,6.0,15.8,8.5,0.0,68.6,153.8
1991.0,7.0,22.2,13.2,0.0,51.2,221.6
1991.0,8.0,21.9,12.8,0.0,8.5,221.1
1991.0,9.0,19.4,9.8,0.0,37.0,185.9
1991.0,10.0,12.9,7.7,0.0,54.3,68.2
1991.0,11.0,9.2,3.8,2.0,73.1,42.7
1991.0,12.0,7.9,2.6,7.0,78.4,28.5
1992.0,1.0,6.5,1.0,13.0,43.6,37.1
1992.0,2.0,8.9,2.9,5.0,25.9,52.7
1992.0,3.0,10.3,4.0,0.0,73.6,73.9
1992.0,4.0,12.3,5.3,0.0,41.8,125.0
1992.0,5.0,18.7,8.6,0.0,57.6,239.1
1992.0,6.0,20.5,11.7,0.0,52.2,192.7
1992.0,7.0,19.8,12.5,0.0,77.7,183.0
1992.0,8.0,19.2,11.3,0.0,117.7,196.3
1992.0,9.0,16.3,9.7,0.0,71.9,123.4
1992.0,10.0,10.2,4.8,1.0,66.0,60.3
1992.0,11.0,10.2,3.8,3.0,129.1,40.6
1992.0,12.0,6.3,1.2,11.0,67.4,19.7
1993.0,1.0,8.4,2.3,5.0,88.1,24.4
1993.0,2.0,7.5,3.0,2.0,10.7,42.3
1993.0,3.0,10.3,2.3,8.0,16.7,128.5
1993.0,4.0,13.0,5.7,0.0,91.8,116.3
1993.0,5.0,15.5,7.1,0.0,70.7,183.5
1993.0,6.0,19.4,10.2,0.0,108.3,193.6
1993.0,7.0,19.0,11.5,0.0,85.3,197.9
1993.0,8.0,18.4,10.3,0.0,29.7,182.5
1993.0,9.0,15.2,9.0,0.0,121.4,84.3
1993.0,10.0,10.7,5.4,5.0,62.8,75.4
1993.0,11.0,6.3,2.2,10.0,56.9,25.8
1993.0,12.0,7.1,2.2,5.0,171.4,29.4
1994.0,1.0,7.2,1.5,8.0,124.4,44.3
1994.0,2.0,4.9,-0.6,17.0,75.7,33.3
1994.0,3.0,10.6,4.2,0.0,78.1,141.0
1994.0,4.0,12.0,4.9,1.0,55.3,172.9
1994.0,5.0,13.9,6.5,0.0,65.6,141.1
1994.0,6.0,19.2,10.6,0.0,14.6,198.8
1994.0,7.0,23.3,12.9,0.0,33.1,206.4
1994.0,8.0,19.7,11.8,0.0,45.0,182.1
1994.0,9.0,15.4,9.1,0.0,148.2,104.8
1994.0,10.0,12.7,6.2,0.0,57.9,72.9
1994.0,11.0,11.7,7.0,0.0,103.3,35.3
1994.0,12.0,9.0,3.6,6.0,103.9,31.7
1995.0,1.0,6.4,1.5,10.0,157.7,35.8
1995.0,2.0,9.0,3.4,0.0,99.2,63.0
1995.0,3.0,8.9,2.0,7.0,63.9,172.7
1995.0,4.0,13.2,5.1,1.0,24.6,170.7
1995.0,5.0,16.7,7.4,0.0,48.1,203.7
1995.0,6.0,18.4,9.6,0.0,11.3,182.9
1995.0,7.0,23.8,14.1,0.0,22.5,229.1
1995.0,8.0,24.4,13.2,0.0,12.1,256.1
1995.0,9.0,17.1,10.3,0.0,75.6,115.7
1995.0,10.0,16.1,9.3,0.0,21.9,100.1
1995.0,11.0,9.9,5.2,3.0,60.5,36.0
1995.0,12.0,3.8,0.1,15.0,70.4,20.5
1996.0,1.0,5.0,2.1,9.0,57.0,5.8
1996.0,2.0,5.0,0.0,16.0,75.1,54.3
1996.0,3.0,5.9,1.7,5.0,52.9,38.6
1996.0,4.0,12.8,4.7,4.0,37.7,114.3
1996.0,5.0,13.0,5.3,0.0,39.1,169.6
1996.0,6.0,19.3,9.6,0.0,29.8,244.5
1996.0,7.0,21.5,11.9,0.0,24.5,254.6
1996.0,8.0,21.5,12.3,0.0,101.1,199.5
1996.0,9.0,16.8,9.9,0.0,27.1,111.4
1996.0,10.0,14.4,7.9,0.0,70.6,119.7
1996.0,11.0,8.2,3.2,8.0,134.3,89.8
1996.0,12.0,5.0,0.6,11.0,98.2,39.1
1997.0,1.0,5.2,0.2,15.0,8.5,51.4
1997.0,2.0,9.5,3.9,1.0,106.5,81.6
1997.0,3.0,12.1,5.0,1.0,22.0,152.1
1997.0,4.0,13.2,5.1,0.0,28.2,137.0
1997.0,5.0,16.3,6.7,0.0,77.5,252.3
1997.0,6.0,17.6,10.2,0.0,130.9,136.5
1997.0,7.0,21.7,12.7,0.0,56.7,244.4
1997.0,8.0,23.3,14.1,0.0,108.6,201.5
1997.0,9.0,17.3,10.2,0.0,17.5,148.4
1997.0,10.0,13.0,6.4,3.0,55.8,117.4
1997.0,11.0,10.4,6.1,0.0,93.1,24.6
1997.0,12.0,8.2,3.9,3.0,79.4,36.2
1998.0,1.0,7.1,2.5,5.0,88.5,46.3
1998.0,2.0,11.2,5.1,4.0,9.3,102.2
1998.0,3.0,11.2,4.8,2.0,93.5,91.9
1998.0,4.0,10.9,4.4,2.0,117.9,125.7
1998.0,5.0,17.0,8.5,0.0,26.6,199.3
1998.0,6.0,17.5,10.5,0.0,152.4,141.7
1998.0,7.0,19.2,12.1,0.0,36.5,172.0
1998.0,8.0,20.1,11.9,0.0,46.2,210.6
1998.0,9.0,17.7,11.1,0.0,49.2,96.6
1998.0,10.0,13.0,7.2,1.0,197.9,99.1
1998.0,11.0,8.4,3.6,2.0,49.5,68.9
1998.0,12.0,8.3,2.4,6.0,57.9,42.4
1999.0,1.0,8.1,2.7,5.0,90.8,66.9
1999.0,2.0,8.0,2.4,7.0,44.7,92.0
1999.0,3.0,10.7,4.2,1.0,82.8,140.8
1999.0,4.0,13.4,5.8,3.0,91.6,152.9
1999.0,5.0,17.5,9.0,0.0,51.0,181.9
1999.0,6.0,18.3,10.2,0.0,61.0,188.5
1999.0,7.0,22.5,13.4,0.0,30.1,227.9
1999.0,8.0,19.9,12.1,0.0,75.4,129.7
1999.0,9.0,20.2,11.5,0.0,113.7,190.7
1999.0,10.0,13.8,7.8,0.0,55.3,123.1
1999.0,11.0,10.1,5.2,1.0,48.2,70.7
1999.0,12.0,7.1,1.9,8.0,135.6,60.6
2000.0,1.0,7.8,2.7,2.0,49.8,75.9
2000.0,2.0,8.9,3.3,4.0,72.0,93.5
2000.0,3.0,10.9,4.2,3.0,43.3,133.0
2000.0,4.0,11.7,4.2,1.0,153.3,124.6
2000.0,5.0,16.4,7.6,0.0,63.9,189.6
2000.0,6.0,19.0,11.2,0.0,46.6,151.9
2000.0,7.0,18.8,11.4,0.0,68.5,142.5
2000.0,8.0,21.2,12.4,0.0,46.3,195.9
2000.0,9.0,18.1,10.8,0.0,117.8,116.7
2000.0,10.0,13.1,7.1,0.0,139.5,87.6
2000.0,11.0,9.1,4.0,2.0,167.9,51.9
2000.0,12.0,7.0,3.3,9.0,118.0,42.0
2001.0,1.0,5.3,0.3,15.0,42.1,59.1
2001.0,2.0,7.7,0.8,11.0,79.4,96.4
2001.0,3.0,8.0,1.6,8.0,56.2,100.5
2001.0,4.0,11.3,4.0,0.0,80.1,106.2
2001.0,5.0,17.8,7.7,0.0,58.0,208.7
2001.0,6.0,18.4,10.1,0.0,43.9,160.0
2001.0,7.0,21.4,13.2,0.0,57.5,185.1
2001.0,8.0,20.9,12.8,0.0,111.9,181.1
2001.0,9.0,15.8,10.1,0.0,67.3,84.9
2001.0,10.0,15.9,10.2,0.0,113.0,115.0
2001.0,11.0,10.5,4.7,2.0,27.0,54.0
2001.0,12.0,6.3,0.9,14.0,28.0,71.5
2002.0,1.0,8.2,2.5,8.0,55.9,38.2
2002.0,2.0,9.8,3.8,1.0,173.9,95.2
2002.0,3.0,11.1,4.1,1.0,34.7,122.4
2002.0,4.0,13.9,5.0,1.0,40.7,176.2
2002.0,5.0,16.3,8.4,0.0,60.9,183.8
2002.0,6.0,19.1,10.9,0.0,30.9,197.3
2002.0,7.0,20.1,12.0,0.0,133.8,165.3
2002.0,8.0,21.2,13.4,0.0,83.4,141.0
2002.0,9.0,17.8,10.6,0.0,49.7,132.7
2002.0,10.0,12.6,6.8,0.0,145.3,79.7
2002.0,11.0,10.0,5.5,0.0,111.1,36.6
2002.0,12.0,6.4,3.2,5.0,129.8,28.6
2003.0,1.0,6.9,2.5,8.0,60.7,54.3
2003.0,2.0,6.6,0.0,15.0,30.8,87.8
2003.0,3.0,12.0,3.1,3.0,38.4,157.7
2003.0,4.0,14.7,5.1,3.0,44.6,193.9
2003.0,5.0,16.8,8.5,0.0,42.6,203.7
2003.0,6.0,21.0,12.1,0.0,111.1,215.1
2003.0,7.0,21.9,13.5,0.0,44.9,171.0
2003.0,8.0,22.4,13.4,0.0,14.0,187.6
2003.0,9.0,19.2,9.6,0.0,22.7,164.6
2003.0,10.0,12.6,6.0,0.0,48.2,115.0
2003.0,11.0,10.7,5.1,3.0,55.4,57.0
2003.0,12.0,7.5,1.9,9.0,81.8,54.1
2004.0,1.0,7.4,3.0,4.0,106.5,46.2
2004.0,2.0,8.1,3.0,9.0,50.8,92.6
2004.0,3.0,9.9,3.6,2.0,41.3,98.1
2004.0,4.0,13.5,6.4,0.0,107.0,132.5
2004.0,5.0,16.9,8.3,0.0,49.0,210.7
2004.0,6.0,20.0,11.8,0.0,68.5,194.5
2004.0,7.0,19.9,12.4,0.0,45.8,167.9
2004.0,8.0,21.3,13.6,0.0,181.0,179.4
2004.0,9.0,18.1,11.3,0.0,34.6,168.0
2004.0,10.0,13.1,7.4,0.0,88.2,94.3
2004.0,11.0,10.2,5.5,3.0,36.2,52.1
2004.0,12.0,8.3,3.2,6.0,46.3,69.1
2005.0,1.0,8.5,3.4,2.0,48.0,48.1
2005.0,2.0,6.7,2.1,5.0,64.6,77.3
2005.0,3.0,9.7,4.6,3.0,31.7,64.6
2005.0,4.0,12.9,4.8,1.0,82.6,154.4
2005.0,5.0,15.8,7.3,0.0,17.5,243.8
2005.0,6.0,20.3,11.4,0.0,42.2,194.9
2005.0,7.0,20.6,13.1,0.0,84.0,178.0
2005.0,8.0,20.7,12.2,0.0,39.9,206.7
2005.0,9.0,18.9,11.3,0.0,89.2,157.9
2005.0,10.0,15.3,10.4,0.0,113.1,62.6
2005.0,11.0,9.5,3.4,9.0,57.4,98.7
2005.0,12.0,7.3,2.2,9.0,56.7,64.6
2006.0,1.0,6.4,2.4,1.0,18.6,36.4
2006.0,2.0,6.3,1.4,9.0,48.5,68.0
2006.0,3.0,7.7,1.5,13.0,100.2,95.0
2006.0,4.0,11.8,4.8,1.0,49.4,167.3
2006.0,5.0,15.8,7.4,0.0,85.0,188.1
2006.0,6.0,21.6,11.8,0.0,9.8,171.7
2006.0,7.0,25.6,14.5,0.0,40.9,290.8
2006.0,8.0,19.6,12.8,0.0,90.5,157.4
2006.0,9.0,20.5,12.6,0.0,62.4,165.6
2006.0,10.0,15.5,9.7,0.0,99.1,102.3
2006.0,11.0,11.2,5.3,1.0,66.8,107.3
2006.0,12.0,8.8,4.2,2.0,114.0,55.9
2007.0,1.0,9.6,4.3,4.0,146.9,68.4
2007.0,2.0,8.6,3.6,6.0,57.5,84.4
2007.0,3.0,10.2,4.1,1.0,44.5,149.4
2007.0,4.0,15.8,7.4,0.0,5.8,206.1
2007.0,5.0,15.6,8.2,0.0,83.8,142.6
2007.0,6.0,18.6,11.2,0.0,285.6,154.5
2007.0,7.0,18.8,12.2,0.0,113.0,178.5
2007.0,8.0,19.7,12.2,0.0,27.1,221.8
2007.0,9.0,17.6,10.5,0.0,28.1,158.5
2007.0,10.0,14.0,8.1,0.0,23.3,109.4
2007.0,11.0,10.3,5.0,2.0,58.3,75.6
2007.0,12.0,7.2,2.4,8.0,74.9,39.4
2008.0,1.0,9.0,3.9,2.0,154.0,43.6
2008.0,2.0,9.1,1.4,9.0,48.7,121.2
2008.0,3.0,9.1,2.7,3.0,98.8,137.8
2008.0,4.0,11.4,4.4,2.0,79.2,126.8
2008.0,5.0,17.5,8.6,0.0,43.5,186.7
2008.0,6.0,18.7,10.7,0.0,56.7,198.1
2008.0,7.0,20.8,13.0,0.0,108.7,202.6
2008.0,8.0,20.1,13.4,0.0,82.6,141.1
2008.0,9.0,17.0,10.8,0.0,92.4,111.7
2008.0,10.0,12.8,7.2,0.0,93.2,129.5
2008.0,11.0,9.0,4.9,3.0,60.0,53.1
2008.0,12.0,6.1,2.2,4.0,52.8,60.3
2009.0,1.0,5.7,1.3,8.0,47.0,59.8
2009.0,2.0,6.7,2.3,11.0,39.6,60.5
2009.0,3.0,10.9,4.0,2.0,44.2,161.7
2009.0,4.0,14.6,6.0,0.0,51.0,142.3
2009.0,5.0,16.4,8.0,0.0,81.7,216.0
2009.0,6.0,19.2,10.9,0.0,168.2,183.4
2009.0,7.0,20.4,12.6,0.0,113.4,199.7
2009.0,8.0,21.0,13.3,0.0,46.4,194.5
2009.0,9.0,18.0,10.9,0.0,26.8,151.1
2009.0,10.0,14.4,8.5,0.0,50.0,99.9
2009.0,11.0,10.4,5.8,0.0,161.6,73.8
2009.0,12.0,5.2,1.3,13.0,66.1,53.1
2010.0,1.0,3.4,0.1,14.0,48.6,59.7
2010.0,2.0,4.4,0.2,11.0,53.6,42.4
2010.0,3.0,9.9,3.0,8.0,56.4,130.6
2010.0,4.0,13.8,5.1,0.0,24.8,171.8
2010.0,5.0,15.2,7.1,0.0,21.2,187.9
2010.0,6.0,20.4,11.0,0.0,41.2,214.2
2010.0,7.0,21.0,13.5,0.0,68.3,142.1
2010.0,8.0,19.5,11.7,0.0,39.6,172.9
2010.0,9.0,17.8,10.8,0.0,67.8,131.5
2010.0,10.0,13.3,7.3,0.0,65.4,116.8
2010.0,11.0,7.4,3.0,6.0,112.7,70.2
2010.0,12.0,2.7,-1.9,20.0,18.8,51.4
2011.0,1.0,6.4,1.9,11.0,49.6,56.6
2011.0,2.0,8.8,4.2,1.0,104.2,49.4
2011.0,3.0,10.9,3.4,2.0,12.4,135.7
2011.0,4.0,17.1,7.5,0.0,11.2,188.1
2011.0,5.0,16.7,8.4,0.0,40.2,210.2
2011.0,6.0,19.4,10.0,0.0,47.8,222.9
2011.0,7.0,20.3,11.5,0.0,18.0,178.9
2011.0,8.0,20.1,12.2,0.0,42.0,171.4
2011.0,9.0,19.5,11.6,0.0,27.8,163.4
2011.0,10.0,15.9,9.2,0.0,57.2,115.3
2011.0,11.0,11.7,7.1,0.0,37.4,62.4
2011.0,12.0,8.1,3.6,0.0,124.6,44.6
2012.0,1.0,7.9,2.9,6.0,87.6,58.4
2012.0,2.0,7.6,2.3,11.0,26.2,73.3
2012.0,3.0,13.6,4.7,0.0,32.6,179.5
2012.0,4.0,10.7,3.9,1.0,180.6,102.6
2012.0,5.0,16.4,7.6,1.0,48.0,203.0
2012.0,6.0,17.3,10.3,0.0,166.6,107.3
2012.0,7.0,19.5,12.3,0.0,107.2,151.5
2012.0,8.0,20.9,12.5,0.0,99.2,141.3
2012.0,9.0,17.1,9.7,0.0,90.6,149.4
2012.0,10.0,12.2,6.1,0.0,61.2,111.4
2012.0,11.0,9.2,3.8,1.0,110.6,68.7
2012.0,12.0,7.0,2.3,5.0,136.0,57.7
2013.0,1.0,5.7,1.7,14.0,70.4,41.4
2013.0,2.0,5.2,0.6,10.0,63.4,77.6
2013.0,3.0,4.5,-0.2,18.0,63.4,73.0
2013.0,4.0,11.9,4.0,4.0,9.2,152.6
2013.0,5.0,15.5,6.9,0.0,84.2,176.9
2013.0,6.0,18.8,10.1,0.0,37.8,177.6
2013.0,7.0,24.0,13.7,0.0,56.6,243.5
2013.0,8.0,21.6,13.1,0.0,33.4,144.4
2013.0,9.0,17.5,10.2,0.0,47.2,119.8
2013.0,10.0,14.9,9.6,0.0,136.2,73.5
2013.0,11.0,9.1,3.9,1.0,56.6,82.3
2013.0,12.0,9.1,3.9,0.0,69.8,58.2
2014.0,1.0,7.8,3.0,4.0,124.2,48.9
2014.0,2.0,8.5,3.5,1.0,106.2,82.4
2014.0,3.0,11.6,4.2,2.0,48.6,137.2
2014.0,4.0,14.2,6.7,0.0,60.4,119.3
2014.0,5.0,16.6,8.5,0.0,123.8,143.9
2014.0,6.0,19.4,11.4,0.0,45.4,142.0
2014.0,7.0,23.2,13.3,0.0,20.0,236.6
2014.0,8.0,19.3,11.5,0.0,67.4,177.3
2014.0,9.0,18.4,10.9,0.0,9.6,107.4
2014.0,10.0,14.9,9.0,0.0,60.8,83.6
2014.0,11.0,10.5,6.0,0.0,95.8,48.0
2014.0,12.0,7.7,3.3,3.0,102.0,75.8
2015.0,1.0,6.9,2.2,8.0,84.2,68.1
2015.0,2.0,6.9,2.0,5.0,35.4,80.8
2015.0,3.0,9.8,3.2,1.0,71.4,114.8
2015.0,4.0,14.3,5.0,0.0,21.4,223.5
2015.0,5.0,14.8,7.7,0.0,83.6,164.4
2015.0,6.0,19.1,10.0,0.0,43.2,195.9
2015.0,7.0,20.8,12.0,0.0,30.0,187.8
2015.0,8.0,20.6,12.5,0.0,66.2,146.3
2015.0,9.0,16.9,8.7,0.0,29.2,141.1
2015.0,10.0,13.9,7.7,0.0,80.4,81.3
2015.0,11.0,12.2,6.5,1.0,126.8,51.7
2015.0,12.0,12.0,6.2,0.0,121.2,33.1